[{"model": "admin.logentry", "pk": 1, "fields": {"action_time": "2022-01-10T14:09:29.518Z", "user": 2, "content_type": 10, "object_id": "1", "object_repr": "Blood report - ( Package1 )", "action_flag": 2, "change_message": "[{\"changed\": {\"fields\": [\"Slug\"]}}]"}}, {"model": "auth.permission", "pk": 1, "fields": {"name": "Can add log entry", "content_type": 1, "codename": "add_logentry"}}, {"model": "auth.permission", "pk": 2, "fields": {"name": "Can change log entry", "content_type": 1, "codename": "change_logentry"}}, {"model": "auth.permission", "pk": 3, "fields": {"name": "Can delete log entry", "content_type": 1, "codename": "delete_logentry"}}, {"model": "auth.permission", "pk": 4, "fields": {"name": "Can view log entry", "content_type": 1, "codename": "view_logentry"}}, {"model": "auth.permission", "pk": 5, "fields": {"name": "Can add permission", "content_type": 2, "codename": "add_permission"}}, {"model": "auth.permission", "pk": 6, "fields": {"name": "Can change permission", "content_type": 2, "codename": "change_permission"}}, {"model": "auth.permission", "pk": 7, "fields": {"name": "Can delete permission", "content_type": 2, "codename": "delete_permission"}}, {"model": "auth.permission", "pk": 8, "fields": {"name": "Can view permission", "content_type": 2, "codename": "view_permission"}}, {"model": "auth.permission", "pk": 9, "fields": {"name": "Can add group", "content_type": 3, "codename": "add_group"}}, {"model": "auth.permission", "pk": 10, "fields": {"name": "Can change group", "content_type": 3, "codename": "change_group"}}, {"model": "auth.permission", "pk": 11, "fields": {"name": "Can delete group", "content_type": 3, "codename": "delete_group"}}, {"model": "auth.permission", "pk": 12, "fields": {"name": "Can view group", "content_type": 3, "codename": "view_group"}}, {"model": "auth.permission", "pk": 13, "fields": {"name": "Can add content type", "content_type": 4, "codename": "add_contenttype"}}, {"model": "auth.permission", "pk": 14, "fields": {"name": "Can change content type", "content_type": 4, "codename": "change_contenttype"}}, {"model": "auth.permission", "pk": 15, "fields": {"name": "Can delete content type", "content_type": 4, "codename": "delete_contenttype"}}, {"model": "auth.permission", "pk": 16, "fields": {"name": "Can view content type", "content_type": 4, "codename": "view_contenttype"}}, {"model": "auth.permission", "pk": 17, "fields": {"name": "Can add session", "content_type": 5, "codename": "add_session"}}, {"model": "auth.permission", "pk": 18, "fields": {"name": "Can change session", "content_type": 5, "codename": "change_session"}}, {"model": "auth.permission", "pk": 19, "fields": {"name": "Can delete session", "content_type": 5, "codename": "delete_session"}}, {"model": "auth.permission", "pk": 20, "fields": {"name": "Can view session", "content_type": 5, "codename": "view_session"}}, {"model": "auth.permission", "pk": 21, "fields": {"name": "Can add about contact", "content_type": 6, "codename": "add_aboutcontact"}}, {"model": "auth.permission", "pk": 22, "fields": {"name": "Can change about contact", "content_type": 6, "codename": "change_aboutcontact"}}, {"model": "auth.permission", "pk": 23, "fields": {"name": "Can delete about contact", "content_type": 6, "codename": "delete_aboutcontact"}}, {"model": "auth.permission", "pk": 24, "fields": {"name": "Can view about contact", "content_type": 6, "codename": "view_aboutcontact"}}, {"model": "auth.permission", "pk": 25, "fields": {"name": "Can add user", "content_type": 7, "codename": "add_user"}}, {"model": "auth.permission", "pk": 26, "fields": {"name": "Can change user", "content_type": 7, "codename": "change_user"}}, {"model": "auth.permission", "pk": 27, "fields": {"name": "Can delete user", "content_type": 7, "codename": "delete_user"}}, {"model": "auth.permission", "pk": 28, "fields": {"name": "Can view user", "content_type": 7, "codename": "view_user"}}, {"model": "auth.permission", "pk": 29, "fields": {"name": "Can add test", "content_type": 8, "codename": "add_test"}}, {"model": "auth.permission", "pk": 30, "fields": {"name": "Can change test", "content_type": 8, "codename": "change_test"}}, {"model": "auth.permission", "pk": 31, "fields": {"name": "Can delete test", "content_type": 8, "codename": "delete_test"}}, {"model": "auth.permission", "pk": 32, "fields": {"name": "Can view test", "content_type": 8, "codename": "view_test"}}, {"model": "auth.permission", "pk": 33, "fields": {"name": "Can add profile", "content_type": 9, "codename": "add_profile"}}, {"model": "auth.permission", "pk": 34, "fields": {"name": "Can change profile", "content_type": 9, "codename": "change_profile"}}, {"model": "auth.permission", "pk": 35, "fields": {"name": "Can delete profile", "content_type": 9, "codename": "delete_profile"}}, {"model": "auth.permission", "pk": 36, "fields": {"name": "Can view profile", "content_type": 9, "codename": "view_profile"}}, {"model": "auth.permission", "pk": 37, "fields": {"name": "Can add package", "content_type": 10, "codename": "add_package"}}, {"model": "auth.permission", "pk": 38, "fields": {"name": "Can change package", "content_type": 10, "codename": "change_package"}}, {"model": "auth.permission", "pk": 39, "fields": {"name": "Can delete package", "content_type": 10, "codename": "delete_package"}}, {"model": "auth.permission", "pk": 40, "fields": {"name": "Can view package", "content_type": 10, "codename": "view_package"}}, {"model": "auth.permission", "pk": 41, "fields": {"name": "Can add package availablefor", "content_type": 11, "codename": "add_packageavailablefor"}}, {"model": "auth.permission", "pk": 42, "fields": {"name": "Can change package availablefor", "content_type": 11, "codename": "change_packageavailablefor"}}, {"model": "auth.permission", "pk": 43, "fields": {"name": "Can delete package availablefor", "content_type": 11, "codename": "delete_packageavailablefor"}}, {"model": "auth.permission", "pk": 44, "fields": {"name": "Can view package availablefor", "content_type": 11, "codename": "view_packageavailablefor"}}, {"model": "auth.permission", "pk": 45, "fields": {"name": "Can add coupon", "content_type": 12, "codename": "add_coupon"}}, {"model": "auth.permission", "pk": 46, "fields": {"name": "Can change coupon", "content_type": 12, "codename": "change_coupon"}}, {"model": "auth.permission", "pk": 47, "fields": {"name": "Can delete coupon", "content_type": 12, "codename": "delete_coupon"}}, {"model": "auth.permission", "pk": 48, "fields": {"name": "Can view coupon", "content_type": 12, "codename": "view_coupon"}}, {"model": "auth.permission", "pk": 49, "fields": {"name": "Can add booking", "content_type": 13, "codename": "add_booking"}}, {"model": "auth.permission", "pk": 50, "fields": {"name": "Can change booking", "content_type": 13, "codename": "change_booking"}}, {"model": "auth.permission", "pk": 51, "fields": {"name": "Can delete booking", "content_type": 13, "codename": "delete_booking"}}, {"model": "auth.permission", "pk": 52, "fields": {"name": "Can view booking", "content_type": 13, "codename": "view_booking"}}, {"model": "auth.permission", "pk": 53, "fields": {"name": "Can add report", "content_type": 14, "codename": "add_report"}}, {"model": "auth.permission", "pk": 54, "fields": {"name": "Can change report", "content_type": 14, "codename": "change_report"}}, {"model": "auth.permission", "pk": 55, "fields": {"name": "Can delete report", "content_type": 14, "codename": "delete_report"}}, {"model": "auth.permission", "pk": 56, "fields": {"name": "Can view report", "content_type": 14, "codename": "view_report"}}, {"model": "auth.permission", "pk": 57, "fields": {"name": "Can add email setup", "content_type": 15, "codename": "add_emailsetup"}}, {"model": "auth.permission", "pk": 58, "fields": {"name": "Can change email setup", "content_type": 15, "codename": "change_emailsetup"}}, {"model": "auth.permission", "pk": 59, "fields": {"name": "Can delete email setup", "content_type": 15, "codename": "delete_emailsetup"}}, {"model": "auth.permission", "pk": 60, "fields": {"name": "Can view email setup", "content_type": 15, "codename": "view_emailsetup"}}, {"model": "auth.permission", "pk": 61, "fields": {"name": "Can add faqs", "content_type": 16, "codename": "add_faqs"}}, {"model": "auth.permission", "pk": 62, "fields": {"name": "Can change faqs", "content_type": 16, "codename": "change_faqs"}}, {"model": "auth.permission", "pk": 63, "fields": {"name": "Can delete faqs", "content_type": 16, "codename": "delete_faqs"}}, {"model": "auth.permission", "pk": 64, "fields": {"name": "Can view faqs", "content_type": 16, "codename": "view_faqs"}}, {"model": "auth.permission", "pk": 65, "fields": {"name": "Can add temp user", "content_type": 17, "codename": "add_tempuser"}}, {"model": "auth.permission", "pk": 66, "fields": {"name": "Can change temp user", "content_type": 17, "codename": "change_tempuser"}}, {"model": "auth.permission", "pk": 67, "fields": {"name": "Can delete temp user", "content_type": 17, "codename": "delete_tempuser"}}, {"model": "auth.permission", "pk": 68, "fields": {"name": "Can view temp user", "content_type": 17, "codename": "view_tempuser"}}, {"model": "auth.permission", "pk": 69, "fields": {"name": "Can add family", "content_type": 18, "codename": "add_family"}}, {"model": "auth.permission", "pk": 70, "fields": {"name": "Can change family", "content_type": 18, "codename": "change_family"}}, {"model": "auth.permission", "pk": 71, "fields": {"name": "Can delete family", "content_type": 18, "codename": "delete_family"}}, {"model": "auth.permission", "pk": 72, "fields": {"name": "Can view family", "content_type": 18, "codename": "view_family"}}, {"model": "auth.permission", "pk": 73, "fields": {"name": "Can add cart", "content_type": 19, "codename": "add_cart"}}, {"model": "auth.permission", "pk": 74, "fields": {"name": "Can change cart", "content_type": 19, "codename": "change_cart"}}, {"model": "auth.permission", "pk": 75, "fields": {"name": "Can delete cart", "content_type": 19, "codename": "delete_cart"}}, {"model": "auth.permission", "pk": 76, "fields": {"name": "Can view cart", "content_type": 19, "codename": "view_cart"}}, {"model": "auth.permission", "pk": 77, "fields": {"name": "Can add paytm config", "content_type": 20, "codename": "add_paytmconfig"}}, {"model": "auth.permission", "pk": 78, "fields": {"name": "Can change paytm config", "content_type": 20, "codename": "change_paytmconfig"}}, {"model": "auth.permission", "pk": 79, "fields": {"name": "Can delete paytm config", "content_type": 20, "codename": "delete_paytmconfig"}}, {"model": "auth.permission", "pk": 80, "fields": {"name": "Can view paytm config", "content_type": 20, "codename": "view_paytmconfig"}}, {"model": "auth.permission", "pk": 81, "fields": {"name": "Can add rozpay config", "content_type": 21, "codename": "add_rozpayconfig"}}, {"model": "auth.permission", "pk": 82, "fields": {"name": "Can change rozpay config", "content_type": 21, "codename": "change_rozpayconfig"}}, {"model": "auth.permission", "pk": 83, "fields": {"name": "Can delete rozpay config", "content_type": 21, "codename": "delete_rozpayconfig"}}, {"model": "auth.permission", "pk": 84, "fields": {"name": "Can view rozpay config", "content_type": 21, "codename": "view_rozpayconfig"}}, {"model": "auth.permission", "pk": 85, "fields": {"name": "Can add paypal config", "content_type": 22, "codename": "add_paypalconfig"}}, {"model": "auth.permission", "pk": 86, "fields": {"name": "Can change paypal config", "content_type": 22, "codename": "change_paypalconfig"}}, {"model": "auth.permission", "pk": 87, "fields": {"name": "Can delete paypal config", "content_type": 22, "codename": "delete_paypalconfig"}}, {"model": "auth.permission", "pk": 88, "fields": {"name": "Can view paypal config", "content_type": 22, "codename": "view_paypalconfig"}}, {"model": "auth.permission", "pk": 89, "fields": {"name": "Can add tempbooking", "content_type": 23, "codename": "add_tempbooking"}}, {"model": "auth.permission", "pk": 90, "fields": {"name": "Can change tempbooking", "content_type": 23, "codename": "change_tempbooking"}}, {"model": "auth.permission", "pk": 91, "fields": {"name": "Can delete tempbooking", "content_type": 23, "codename": "delete_tempbooking"}}, {"model": "auth.permission", "pk": 92, "fields": {"name": "Can view tempbooking", "content_type": 23, "codename": "view_tempbooking"}}, {"model": "auth.permission", "pk": 93, "fields": {"name": "Can add PayPal IPN", "content_type": 24, "codename": "add_paypalipn"}}, {"model": "auth.permission", "pk": 94, "fields": {"name": "Can change PayPal IPN", "content_type": 24, "codename": "change_paypalipn"}}, {"model": "auth.permission", "pk": 95, "fields": {"name": "Can delete PayPal IPN", "content_type": 24, "codename": "delete_paypalipn"}}, {"model": "auth.permission", "pk": 96, "fields": {"name": "Can view PayPal IPN", "content_type": 24, "codename": "view_paypalipn"}}, {"model": "auth.permission", "pk": 97, "fields": {"name": "Can add subcategory", "content_type": 25, "codename": "add_subcategory"}}, {"model": "auth.permission", "pk": 98, "fields": {"name": "Can change subcategory", "content_type": 25, "codename": "change_subcategory"}}, {"model": "auth.permission", "pk": 99, "fields": {"name": "Can delete subcategory", "content_type": 25, "codename": "delete_subcategory"}}, {"model": "auth.permission", "pk": 100, "fields": {"name": "Can view subcategory", "content_type": 25, "codename": "view_subcategory"}}, {"model": "auth.permission", "pk": 101, "fields": {"name": "Can add category", "content_type": 26, "codename": "add_category"}}, {"model": "auth.permission", "pk": 102, "fields": {"name": "Can change category", "content_type": 26, "codename": "change_category"}}, {"model": "auth.permission", "pk": 103, "fields": {"name": "Can delete category", "content_type": 26, "codename": "delete_category"}}, {"model": "auth.permission", "pk": 104, "fields": {"name": "Can view category", "content_type": 26, "codename": "view_category"}}, {"model": "auth.permission", "pk": 105, "fields": {"name": "Can add contact info", "content_type": 27, "codename": "add_contactinfo"}}, {"model": "auth.permission", "pk": 106, "fields": {"name": "Can change contact info", "content_type": 27, "codename": "change_contactinfo"}}, {"model": "auth.permission", "pk": 107, "fields": {"name": "Can delete contact info", "content_type": 27, "codename": "delete_contactinfo"}}, {"model": "auth.permission", "pk": 108, "fields": {"name": "Can view contact info", "content_type": 27, "codename": "view_contactinfo"}}, {"model": "auth.permission", "pk": 109, "fields": {"name": "Can add contact mails", "content_type": 28, "codename": "add_contactmails"}}, {"model": "auth.permission", "pk": 110, "fields": {"name": "Can change contact mails", "content_type": 28, "codename": "change_contactmails"}}, {"model": "auth.permission", "pk": 111, "fields": {"name": "Can delete contact mails", "content_type": 28, "codename": "delete_contactmails"}}, {"model": "auth.permission", "pk": 112, "fields": {"name": "Can view contact mails", "content_type": 28, "codename": "view_contactmails"}}, {"model": "auth.permission", "pk": 113, "fields": {"name": "Can add customer_contact", "content_type": 29, "codename": "add_customer_contact"}}, {"model": "auth.permission", "pk": 114, "fields": {"name": "Can change customer_contact", "content_type": 29, "codename": "change_customer_contact"}}, {"model": "auth.permission", "pk": 115, "fields": {"name": "Can delete customer_contact", "content_type": 29, "codename": "delete_customer_contact"}}, {"model": "auth.permission", "pk": 116, "fields": {"name": "Can view customer_contact", "content_type": 29, "codename": "view_customer_contact"}}, {"model": "auth.permission", "pk": 117, "fields": {"name": "Can add requested call back", "content_type": 30, "codename": "add_requestedcallback"}}, {"model": "auth.permission", "pk": 118, "fields": {"name": "Can change requested call back", "content_type": 30, "codename": "change_requestedcallback"}}, {"model": "auth.permission", "pk": 119, "fields": {"name": "Can delete requested call back", "content_type": 30, "codename": "delete_requestedcallback"}}, {"model": "auth.permission", "pk": 120, "fields": {"name": "Can view requested call back", "content_type": 30, "codename": "view_requestedcallback"}}, {"model": "auth.permission", "pk": 121, "fields": {"name": "Can add user address", "content_type": 31, "codename": "add_useraddress"}}, {"model": "auth.permission", "pk": 122, "fields": {"name": "Can change user address", "content_type": 31, "codename": "change_useraddress"}}, {"model": "auth.permission", "pk": 123, "fields": {"name": "Can delete user address", "content_type": 31, "codename": "delete_useraddress"}}, {"model": "auth.permission", "pk": 124, "fields": {"name": "Can view user address", "content_type": 31, "codename": "view_useraddress"}}, {"model": "auth.permission", "pk": 125, "fields": {"name": "Can add prescriptions", "content_type": 32, "codename": "add_prescriptions"}}, {"model": "auth.permission", "pk": 126, "fields": {"name": "Can change prescriptions", "content_type": 32, "codename": "change_prescriptions"}}, {"model": "auth.permission", "pk": 127, "fields": {"name": "Can delete prescriptions", "content_type": 32, "codename": "delete_prescriptions"}}, {"model": "auth.permission", "pk": 128, "fields": {"name": "Can view prescriptions", "content_type": 32, "codename": "view_prescriptions"}}, {"model": "auth.permission", "pk": 129, "fields": {"name": "Can add home slider", "content_type": 33, "codename": "add_homeslider"}}, {"model": "auth.permission", "pk": 130, "fields": {"name": "Can change home slider", "content_type": 33, "codename": "change_homeslider"}}, {"model": "auth.permission", "pk": 131, "fields": {"name": "Can delete home slider", "content_type": 33, "codename": "delete_homeslider"}}, {"model": "auth.permission", "pk": 132, "fields": {"name": "Can view home slider", "content_type": 33, "codename": "view_homeslider"}}, {"model": "auth.permission", "pk": 133, "fields": {"name": "Can add paytm transaction", "content_type": 34, "codename": "add_paytmtransaction"}}, {"model": "auth.permission", "pk": 134, "fields": {"name": "Can change paytm transaction", "content_type": 34, "codename": "change_paytmtransaction"}}, {"model": "auth.permission", "pk": 135, "fields": {"name": "Can delete paytm transaction", "content_type": 34, "codename": "delete_paytmtransaction"}}, {"model": "auth.permission", "pk": 136, "fields": {"name": "Can view paytm transaction", "content_type": 34, "codename": "view_paytmtransaction"}}, {"model": "contenttypes.contenttype", "pk": 1, "fields": {"app_label": "admin", "model": "logentry"}}, {"model": "contenttypes.contenttype", "pk": 2, "fields": {"app_label": "auth", "model": "permission"}}, {"model": "contenttypes.contenttype", "pk": 3, "fields": {"app_label": "auth", "model": "group"}}, {"model": "contenttypes.contenttype", "pk": 4, "fields": {"app_label": "contenttypes", "model": "contenttype"}}, {"model": "contenttypes.contenttype", "pk": 5, "fields": {"app_label": "sessions", "model": "session"}}, {"model": "contenttypes.contenttype", "pk": 6, "fields": {"app_label": "superuser", "model": "aboutcontact"}}, {"model": "contenttypes.contenttype", "pk": 7, "fields": {"app_label": "UserData", "model": "user"}}, {"model": "contenttypes.contenttype", "pk": 8, "fields": {"app_label": "package", "model": "test"}}, {"model": "contenttypes.contenttype", "pk": 9, "fields": {"app_label": "package", "model": "profile"}}, {"model": "contenttypes.contenttype", "pk": 10, "fields": {"app_label": "package", "model": "package"}}, {"model": "contenttypes.contenttype", "pk": 11, "fields": {"app_label": "package", "model": "packageavailablefor"}}, {"model": "contenttypes.contenttype", "pk": 12, "fields": {"app_label": "package", "model": "coupon"}}, {"model": "contenttypes.contenttype", "pk": 13, "fields": {"app_label": "UserData", "model": "booking"}}, {"model": "contenttypes.contenttype", "pk": 14, "fields": {"app_label": "UserData", "model": "report"}}, {"model": "contenttypes.contenttype", "pk": 15, "fields": {"app_label": "superuser", "model": "emailsetup"}}, {"model": "contenttypes.contenttype", "pk": 16, "fields": {"app_label": "package", "model": "faqs"}}, {"model": "contenttypes.contenttype", "pk": 17, "fields": {"app_label": "UserData", "model": "tempuser"}}, {"model": "contenttypes.contenttype", "pk": 18, "fields": {"app_label": "UserData", "model": "family"}}, {"model": "contenttypes.contenttype", "pk": 19, "fields": {"app_label": "UserData", "model": "cart"}}, {"model": "contenttypes.contenttype", "pk": 20, "fields": {"app_label": "paymentintigration", "model": "paytmconfig"}}, {"model": "contenttypes.contenttype", "pk": 21, "fields": {"app_label": "paymentintigration", "model": "rozpayconfig"}}, {"model": "contenttypes.contenttype", "pk": 22, "fields": {"app_label": "paymentintigration", "model": "paypalconfig"}}, {"model": "contenttypes.contenttype", "pk": 23, "fields": {"app_label": "package", "model": "tempbooking"}}, {"model": "contenttypes.contenttype", "pk": 24, "fields": {"app_label": "ipn", "model": "paypalipn"}}, {"model": "contenttypes.contenttype", "pk": 25, "fields": {"app_label": "package", "model": "subcategory"}}, {"model": "contenttypes.contenttype", "pk": 26, "fields": {"app_label": "package", "model": "category"}}, {"model": "contenttypes.contenttype", "pk": 27, "fields": {"app_label": "home", "model": "contactinfo"}}, {"model": "contenttypes.contenttype", "pk": 28, "fields": {"app_label": "home", "model": "contactmails"}}, {"model": "contenttypes.contenttype", "pk": 29, "fields": {"app_label": "home", "model": "customer_contact"}}, {"model": "contenttypes.contenttype", "pk": 30, "fields": {"app_label": "UserData", "model": "requestedcallback"}}, {"model": "contenttypes.contenttype", "pk": 31, "fields": {"app_label": "UserData", "model": "useraddress"}}, {"model": "contenttypes.contenttype", "pk": 32, "fields": {"app_label": "UserData", "model": "prescriptions"}}, {"model": "contenttypes.contenttype", "pk": 33, "fields": {"app_label": "home", "model": "homeslider"}}, {"model": "contenttypes.contenttype", "pk": 34, "fields": {"app_label": "paymentintigration", "model": "paytmtransaction"}}, {"model": "sessions.session", "pk": "082zdt2nwgr57ukiq59i10ygjbiwm59w", "fields": {"session_data": ".eJxVjDsOwyAQRO9CHSEWMJ-U6X0GBLsQnERYMnYV5e6xJRdJNdK8N_NmIW5rDVvPS5iIXZlkl98uRXzmdgB6xHafOc5tXabED4WftPNxpvy6ne7fQY297msvjRJGKRoougIAwusMRRZjrXNotBbOq5QRhB5IaGExSg9Gkd0DHft8AauZNlU:1n2Ub7:bCw1UvyCZ718cBw7Eff26-N0c5hw2vYgRiq9DIST0Ak", "expire_date": "2022-01-12T08:46:13.532Z"}}, {"model": "sessions.session", "pk": "094ciu1se3q2x847eopeiy6zjytqqqbr", "fields": {"session_data": ".eJxVjDsOwyAQRO9CHSHAfFOm9xkQy0JwEoFk7CrK3YMlF0kzxZs38yY-7Fvxe0-rX5BciSaXXwYhPlM9CnyEem80trqtC9BDoWfb6dwwvW6n-3dQQi9jHTNXUkqAyWWLNhtnUTnHGDIJZjJJCD2SWzUFRJ6Bc6UHFIB8SIJ8vtWTN0E:1n7aKq:Ch5Z6BJsEcvORUlw_688GgunzuFiIEgrEjiI8dX67-g", "expire_date": "2022-01-26T09:54:28.709Z"}}, {"model": "sessions.session", "pk": "14jf6or6u15mzmhfblpmoef7jueldrwn", "fields": {"session_data": ".eJxVjDsOwyAQRO9CHSHAfFOm9xkQy0JwEoFk7CrK3YMlF0kzxZs38yY-7Fvxe0-rX5BciSaXXwYhPlM9CnyEem80trqtC9BDoWfb6dwwvW6n-3dQQi9jHTNXUkqAyWWLNhtnUTnHGDIJZjJJCD2SWzUFRJ6Bc6UHFIB8SIJ8vtWTN0E:1nCbZS:5k9G5CURrdYlPp3Jx9DX2myxm2Ru-08UOnyaX1bdC4o", "expire_date": "2022-02-09T06:14:18.669Z"}}, {"model": "sessions.session", "pk": "2yiiifx69sb2rqgxeak5bae521x78f47", "fields": {"session_data": ".eJxVjDsOwyAQRO9CHSEWMJ-U6X0GBLsQnERYMnYV5e6xJRdJNdK8N_NmIW5rDVvPS5iIXZlkl98uRXzmdgB6xHafOc5tXabED4WftPNxpvy6ne7fQY297msvjRJGKRoougIAwusMRRZjrXNotBbOq5QRhB5IaGExSg9Gkd0DHft8AauZNlU:1n7Eck:OKoXYzDG1o9INP2OS1_JPA5IV61UJv6ipiagZrzh9Bc", "expire_date": "2022-01-25T10:43:30.642Z"}}, {"model": "sessions.session", "pk": "3j9xtyghqkutopq3gklgf2z87v8mbjql", "fields": {"session_data": ".eJxVjDsOwyAQRO9CHSEWMJ-U6X0GBLsQnERYMnYV5e6xJRdJNdK8N_NmIW5rDVvPS5iIXZlkl98uRXzmdgB6xHafOc5tXabED4WftPNxpvy6ne7fQY297msvjRJGKRoougIAwusMRRZjrXNotBbOq5QRhB5IaGExSg9Gkd0DHft8AauZNlU:1n4cdk:yt6Ubr50yzUkwGoMzHIGejz1SIcYkPEYT1E0LtvE0XU", "expire_date": "2022-01-18T05:45:44.919Z"}}, {"model": "sessions.session", "pk": "3ms974kr2gvbyxsyzmqfuly5k0s3t7xl", "fields": {"session_data": ".eJxVjDsOwyAQRO9CHSHAfFOm9xkQy0JwEoFk7CrK3YMlF0kzxZs38yY-7Fvxe0-rX5BciSaXXwYhPlM9CnyEem80trqtC9BDoWfb6dwwvW6n-3dQQi9jHTNXUkqAyWWLNhtnUTnHGDIJZjJJCD2SWzUFRJ6Bc6UHFIB8SIJ8vtWTN0E:1n9USV:JbNRJheZ8BCcQFZ_7lWTUj3P1V3FzMnqUS9pPYC5UJ0", "expire_date": "2022-01-31T16:02:15.014Z"}}, {"model": "sessions.session", "pk": "5324w7zhcmf8royu1pg8y43p6q75xa98", "fields": {"session_data": ".eJxVjDsOwyAQRO9CHSHAfFOm9xkQy0JwEoFk7CrK3YMlF0kzxZs38yY-7Fvxe0-rX5BciSaXXwYhPlM9CnyEem80trqtC9BDoWfb6dwwvW6n-3dQQi9jHTNXUkqAyWWLNhtnUTnHGDIJZjJJCD2SWzUFRJ6Bc6UHFIB8SIJ8vtWTN0E:1nIC7g:zRhrR-bkeYmq8L4RevPzhrr1aZqpd98iQIVIdJBrgpU", "expire_date": "2022-02-24T16:16:44.451Z"}}, {"model": "sessions.session", "pk": "5bi7h2nqermxeotwf8n0px2k0ydvfwpa", "fields": {"session_data": ".eJxVjDsOwyAQRO9CHSEWMJ-U6X0GBLsQnERYMnYV5e6xJRdJNdK8N_NmIW5rDVvPS5iIXZlkl98uRXzmdgB6xHafOc5tXabED4WftPNxpvy6ne7fQY297msvjRJGKRoougIAwusMRRZjrXNotBbOq5QRhB5IaGExSg9Gkd0DHft8AauZNlU:1nDVvx:Le9SyRi-NgU_rBZZ0Q2Yi5EQ3ty07nZJIMDNokY1eVY", "expire_date": "2022-02-11T18:25:17.418Z"}}, {"model": "sessions.session", "pk": "65gx3egnh87ltj3wdbp8qvvka7navrzq", "fields": {"session_data": ".eJxVjDsOwyAQRO9CHSHAfFOm9xkQy0JwEoFk7CrK3YMlF0kzxZs38yY-7Fvxe0-rX5BciSaXXwYhPlM9CnyEem80trqtC9BDoWfb6dwwvW6n-3dQQi9jHTNXUkqAyWWLNhtnUTnHGDIJZjJJCD2SWzUFRJ6Bc6UHFIB8SIJ8vtWTN0E:1nApHt:NlW6-UvvNF03XOX-HJflAgkL40kY1qeb4nSt5yM7jZs", "expire_date": "2022-02-04T08:28:49.298Z"}}, {"model": "sessions.session", "pk": "9q72pculizc32la7befk798x5gyvueca", "fields": {"session_data": ".eJxVjDsOwyAQRO9CHSHAfFOm9xkQy0JwEoFk7CrK3YMlF0kzxZs38yY-7Fvxe0-rX5BciSaXXwYhPlM9CnyEem80trqtC9BDoWfb6dwwvW6n-3dQQi9jHTNXUkqAyWWLNhtnUTnHGDIJZjJJCD2SWzUFRJ6Bc6UHFIB8SIJ8vtWTN0E:1n9kjk:5VU5gNlPVWDABZE55vKAuiOjWTf-_4NXHhu90O2swcY", "expire_date": "2022-02-01T09:25:08.024Z"}}, {"model": "sessions.session", "pk": "a0r9ouwj3ad266u4j7y8bvjxyw41taby", "fields": {"session_data": ".eJxVjDsOwyAQRO9CHSHAfFOm9xkQy0JwEoFk7CrK3YMlF0kzxZs38yY-7Fvxe0-rX5BciSaXXwYhPlM9CnyEem80trqtC9BDoWfb6dwwvW6n-3dQQi9jHTNXUkqAyWWLNhtnUTnHGDIJZjJJCD2SWzUFRJ6Bc6UHFIB8SIJ8vtWTN0E:1nICV0:q2HADWhDOgX_6hp1Fym6iIRg_trmHT1IWOe3QifLhzI", "expire_date": "2022-02-24T16:40:50.147Z"}}, {"model": "sessions.session", "pk": "bvhjyik3n1dhuanl8urfy613x7h7y3ip", "fields": {"session_data": ".eJxVjDsOwyAQRO9CHSHAfFOm9xkQy0JwEoFk7CrK3YMlF0kzxZs38yY-7Fvxe0-rX5BciSaXXwYhPlM9CnyEem80trqtC9BDoWfb6dwwvW6n-3dQQi9jHTNXUkqAyWWLNhtnUTnHGDIJZjJJCD2SWzUFRJ6Bc6UHFIB8SIJ8vtWTN0E:1n9RqL:t9BnOaTClgRG_xiCwQonW8aw_Bms2mjwcAPWWicIX-g", "expire_date": "2022-01-31T13:14:41.497Z"}}, {"model": "sessions.session", "pk": "d8co55pbin1euacgjen5vgjv6zpd7i24", "fields": {"session_data": ".eJxVjDsOwyAQRO9CHSEWMJ-U6X0GBLsQnERYMnYV5e6xJRdJNdK8N_NmIW5rDVvPS5iIXZlkl98uRXzmdgB6xHafOc5tXabED4WftPNxpvy6ne7fQY297msvjRJGKRoougIAwusMRRZjrXNotBbOq5QRhB5IaGExSg9Gkd0DHft8AauZNlU:1n4cT8:GbQgHe-O2uO3U0Xx2Ct83MxukfoYRL8KUWVxytL2Yn4", "expire_date": "2022-01-18T05:34:46.145Z"}}, {"model": "sessions.session", "pk": "dfsrk4ut9pn1h7pa5lgqclq63qlk4apd", "fields": {"session_data": ".eJxVjDsOwjAQBe_iGlnxdx1Kes5grXcdHEC2FCcV4u4QKQW0b2beS0Tc1hK3npc4sziLIE6_W0J65LoDvmO9NUmtrsuc5K7Ig3Z5bZyfl8P9OyjYy7dOoIC1A83agFUaLRCThjwmO3gNzngcgyflMExqAoOZrWKkwbPPyov3B8fCN3Q:1nDKWT:kTf6PuJuBQXyb1wWjqf5OWYBS2BVejuZBByulg_RS50", "expire_date": "2022-02-11T06:14:13.594Z"}}, {"model": "sessions.session", "pk": "g773d0cxg4mpt553tjc15grt7opvxv5l", "fields": {"session_data": ".eJxVjM0OwiAAg9-FsyGEnwEevfsMBCjI1EAyttPiuzuSHfTW9mu7E-e3tbitp8XNIFfCyeU3Cz6-Uh0AT18fjcZW12UOdFToSTu9N6T37ez-HRTfy1gLza3KnFkwY_0UJ2WlVEIDPkBCRslSOkTS4LAmm8MqYRByBjTI5wvlHzjj:1nEnyD:546oySZwXzUe2m7snuWUlCUaUHnDhptUIumzLuFzJf8", "expire_date": "2022-02-15T07:52:57.036Z"}}, {"model": "sessions.session", "pk": "gczfynegst1xxesqksx3a7atyv24yug7", "fields": {"session_data": ".eJxVjDsOwjAQBe_iGln-O6Gk5wzWeteLA8iR4qRC3B0ipYD2zcx7iQTbWtPWy5ImEmcxitPvlgEfpe2A7tBus8S5rcuU5a7Ig3Z5nak8L4f7d1Ch129tYraRR--QBqMRSSODUx6tsxh1MMQlWmXYk4laQQk-ZA_WMzCrgcT7A-loOCw:1nEnuW:-eeQ_mqjVuojwBgZSA703_8hwcEgbyF3eydo0BweqAw", "expire_date": "2022-02-15T07:49:08.844Z"}}, {"model": "sessions.session", "pk": "icqej1qlieenpuqmte6rp8zeeqae8dfu", "fields": {"session_data": ".eJxVjDsOwyAQRO9CHSHAfFOm9xkQy0JwEoFk7CrK3YMlF0kzxZs38yY-7Fvxe0-rX5BciSaXXwYhPlM9CnyEem80trqtC9BDoWfb6dwwvW6n-3dQQi9jHTNXUkqAyWWLNhtnUTnHGDIJZjJJCD2SWzUFRJ6Bc6UHFIB8SIJ8vtWTN0E:1nCbc9:o1VTACTnlr2HZ-1t41_uJbWvV1ktDJZwXgf3iiVOxyU", "expire_date": "2022-02-09T06:17:05.469Z"}}, {"model": "sessions.session", "pk": "iu4i6ssad7bc8f6skpg4altk6do6wil3", "fields": {"session_data": ".eJxVjDsOwyAQRO9CHSHAfFOm9xkQy0JwEoFk7CrK3YMlF0kzxZs38yY-7Fvxe0-rX5BciSaXXwYhPlM9CnyEem80trqtC9BDoWfb6dwwvW6n-3dQQi9jHTNXUkqAyWWLNhtnUTnHGDIJZjJJCD2SWzUFRJ6Bc6UHFIB8SIJ8vtWTN0E:1n9QkO:0aBAar-6CBCrKvKYerWCApQpsNsEhM2lpaKOKdmT_vY", "expire_date": "2022-01-31T12:04:28.254Z"}}, {"model": "sessions.session", "pk": "jw30in5a4wsfle8mk5ox44kkrifosjm6", "fields": {"session_data": ".eJxVjDsOwyAQRO9CHSHAfFOm9xkQy0JwEoFk7CrK3YMlF0kzxZs38yY-7Fvxe0-rX5BciSaXXwYhPlM9CnyEem80trqtC9BDoWfb6dwwvW6n-3dQQi9jHTNXUkqAyWWLNhtnUTnHGDIJZjJJCD2SWzUFRJ6Bc6UHFIB8SIJ8vtWTN0E:1nI3Fp:Ez9CpZB81sBCy3-Zb5xDwY8RezSs77ryodhHiSytC1Q", "expire_date": "2022-02-24T06:48:33.651Z"}}, {"model": "sessions.session", "pk": "jxjo77h4wlzgo5ilkkzq3wcyi5np9xi7", "fields": {"session_data": ".eJxVjEEOwiAQRe_C2hCgtFNcuu8ZyMAwUjWQlHZlvLtt0oVu_3vvv4XHbc1-a2nxM4mrAHH53QLGZyoHoAeWe5WxlnWZgzwUedImp0rpdTvdv4OMLe-1YWDFrJWmHiPiwCqYjgiCUc5YPe5shEgdBEdusNQZNs5Gjcn1ELX4fAH82Tgz:1nDLRY:d-Q3C-2AcN2lPL_JTHpdJStinZEGcmYDRAsP-_SqaPI", "expire_date": "2022-02-11T07:13:12.381Z"}}, {"model": "sessions.session", "pk": "lbf9pa91ui6gon449rcrt3ouz7uf7y2u", "fields": {"session_data": ".eJxVjDsOwyAQRO9CHSHAfFOm9xkQy0JwEoFk7CrK3YMlF0kzxZs38yY-7Fvxe0-rX5BciSaXXwYhPlM9CnyEem80trqtC9BDoWfb6dwwvW6n-3dQQi9jHTNXUkqAyWWLNhtnUTnHGDIJZjJJCD2SWzUFRJ6Bc6UHFIB8SIJ8vtWTN0E:1nCEMO:QyC7SgY2ugm6bK2vcUpwE6GTI3bV-pv2zNVyzM61iyM", "expire_date": "2022-02-08T05:27:16.117Z"}}, {"model": "sessions.session", "pk": "mu8v808lyo7ppew02avjvf7vjikk9a2w", "fields": {"session_data": ".eJxVjDsOwyAQRO9CHSHAfFOm9xkQy0JwEoFk7CrK3YMlF0kzxZs38yY-7Fvxe0-rX5BciSaXXwYhPlM9CnyEem80trqtC9BDoWfb6dwwvW6n-3dQQi9jHTNXUkqAyWWLNhtnUTnHGDIJZjJJCD2SWzUFRJ6Bc6UHFIB8SIJ8vtWTN0E:1nDON8:CRrqg-voy0LiLznDbL-ZF-e1BHcfDbylSrMWnmYqX6g", "expire_date": "2022-02-11T10:20:50.362Z"}}, {"model": "sessions.session", "pk": "o24lwz7iccocxqipb11gk84lcuoys08n", "fields": {"session_data": ".eJxVjDsOwyAQRO9CHSHAfFOm9xkQy0JwEoFk7CrK3YMlF0kzxZs38yY-7Fvxe0-rX5BciSaXXwYhPlM9CnyEem80trqtC9BDoWfb6dwwvW6n-3dQQi9jHTNXUkqAyWWLNhtnUTnHGDIJZjJJCD2SWzUFRJ6Bc6UHFIB8SIJ8vtWTN0E:1nD4XP:X1DJY3zb5oJ4Q52uPx5Un-Zv-4l5yL6le0D03x_hr0s", "expire_date": "2022-02-10T13:10:07.843Z"}}, {"model": "sessions.session", "pk": "o92otmh352qwl4g3hoijbhkxdlvbu4to", "fields": {"session_data": ".eJxVjEEOwiAQRe_C2hCgtFNcuu8ZyMAwUjWQlHZlvLtt0oVu_3vvv4XHbc1-a2nxM4mrAHH53QLGZyoHoAeWe5WxlnWZgzwUedImp0rpdTvdv4OMLe-1YWDFrJWmHiPiwCqYjgiCUc5YPe5shEgdBEdusNQZNs5Gjcn1ELX4fAH82Tgz:1nDLQc:ss-Q16v-MfvpAjGXTJoIA1ZyWGItxtRyr6f1ME0z88I", "expire_date": "2022-02-11T07:12:14.206Z"}}, {"model": "sessions.session", "pk": "ouc3obj8dizeob05a1iqp61uvl3vuoe7", "fields": {"session_data": ".eJxVjDsOwyAQRO9CHSHAfFOm9xkQy0JwEoFk7CrK3YMlF0kzxZs38yY-7Fvxe0-rX5BciSaXXwYhPlM9CnyEem80trqtC9BDoWfb6dwwvW6n-3dQQi9jHTNXUkqAyWWLNhtnUTnHGDIJZjJJCD2SWzUFRJ6Bc6UHFIB8SIJ8vtWTN0E:1n9UVc:DTBAEY3--YS6t_bR80d7wrWekdppUMXt3bmUqQtmdeE", "expire_date": "2022-01-31T16:05:28.217Z"}}, {"model": "sessions.session", "pk": "p2pwhbyn1dm38t4x09o53eab2nqz4862", "fields": {"session_data": ".eJxVjDsOwyAQRO9CHSHAfFOm9xkQy0JwEoFk7CrK3YMlF0kzxZs38yY-7Fvxe0-rX5BciSaXXwYhPlM9CnyEem80trqtC9BDoWfb6dwwvW6n-3dQQi9jHTNXUkqAyWWLNhtnUTnHGDIJZjJJCD2SWzUFRJ6Bc6UHFIB8SIJ8vtWTN0E:1n9Umj:4bDhljjq7-Ri-okgU5wuumyyJTbdtaLT6_G1312GWDI", "expire_date": "2022-01-31T16:23:09.183Z"}}, {"model": "sessions.session", "pk": "ps1fa4arnssi8q4cyvstgythot5fh12i", "fields": {"session_data": ".eJxVjM0OwiAAg9-FsyGEnwEevfsMBCjI1EAyttPiuzuSHfTW9mu7E-e3tbitp8XNIFfCyeU3Cz6-Uh0AT18fjcZW12UOdFToSTu9N6T37ez-HRTfy1gLza3KnFkwY_0UJ2WlVEIDPkBCRslSOkTS4LAmm8MqYRByBjTI5wvlHzjj:1nEpxp:Dv-UjTxm8gzsiuX_0QB0E0FgByEOAWMiahWjdMT0bPc", "expire_date": "2022-02-15T10:00:41.554Z"}}, {"model": "sessions.session", "pk": "qake9pa53w5ficrz56tmcgmola24rp25", "fields": {"session_data": ".eJxVjDsOwyAQRO9CHSEWMJ-U6X0GBLsQnERYMnYV5e6xJRdJNdK8N_NmIW5rDVvPS5iIXZlkl98uRXzmdgB6xHafOc5tXabED4WftPNxpvy6ne7fQY297msvjRJGKRoougIAwusMRRZjrXNotBbOq5QRhB5IaGExSg9Gkd0DHft8AauZNlU:1n6vKi:sE6Fdv7Vur9hrxdlK3dvqWDv9ZUCIBAJKNw9o1RN8mU", "expire_date": "2022-01-24T14:07:36.137Z"}}, {"model": "sessions.session", "pk": "qp3d2de6kdebmspne02b8qsid9isvyoy", "fields": {"session_data": ".eJxVjDsOwyAQRO9CHSHAfFOm9xkQy0JwEoFk7CrK3YMlF0kzxZs38yY-7Fvxe0-rX5BciSaXXwYhPlM9CnyEem80trqtC9BDoWfb6dwwvW6n-3dQQi9jHTNXUkqAyWWLNhtnUTnHGDIJZjJJCD2SWzUFRJ6Bc6UHFIB8SIJ8vtWTN0E:1nICOK:wWOb1QAGEQ9csi33F6z1B_Hyw4UDxeMVBnkRXBM-dT8", "expire_date": "2022-02-24T16:33:56.925Z"}}, {"model": "sessions.session", "pk": "r3bsui6inrexsd1dbr2vg93t8ttn7p31", "fields": {"session_data": ".eJxVjDsOwyAQRO9CHSEWMJ-U6X0GBLsQnERYMnYV5e6xJRdJNdK8N_NmIW5rDVvPS5iIXZlkl98uRXzmdgB6xHafOc5tXabED4WftPNxpvy6ne7fQY297msvjRJGKRoougIAwusMRRZjrXNotBbOq5QRhB5IaGExSg9Gkd0DHft8AauZNlU:1n6q1x:a6s9P9iwXIZQR9QuaqhJ0HQMfX31DfI97GGckfYPGfM", "expire_date": "2022-01-24T08:27:53.298Z"}}, {"model": "sessions.session", "pk": "sesklyf34su3w2k4pb8vymbhwd2ndnoa", "fields": {"session_data": ".eJxVjDsOwyAQRO9CHSHAfFOm9xkQy0JwEoFk7CrK3YMlF0kzxZs38yY-7Fvxe0-rX5BciSaXXwYhPlM9CnyEem80trqtC9BDoWfb6dwwvW6n-3dQQi9jHTNXUkqAyWWLNhtnUTnHGDIJZjJJCD2SWzUFRJ6Bc6UHFIB8SIJ8vtWTN0E:1nDQVg:mdFP4X0xJl-X4p0crRBt3TkegTEe77oBfg-4YcubQmQ", "expire_date": "2022-02-11T12:37:48.121Z"}}, {"model": "sessions.session", "pk": "tbwwsyiy1kpxlrrnvm42lg4ahl9k1n3g", "fields": {"session_data": ".eJxVjDsOwyAQRO9CHSEWMJ-U6X0GBLsQnERYMnYV5e6xJRdJNdK8N_NmIW5rDVvPS5iIXZlkl98uRXzmdgB6xHafOc5tXabED4WftPNxpvy6ne7fQY297msvjRJGKRoougIAwusMRRZjrXNotBbOq5QRhB5IaGExSg9Gkd0DHft8AauZNlU:1nDP8o:ndTDcPIFqE2MRy6V5zxOYWCkYygmqXP5SIX5uYOgN1k", "expire_date": "2022-02-11T11:10:06.927Z"}}, {"model": "sessions.session", "pk": "uldakrhvuamg771xs8hsxshcynduc8hp", "fields": {"session_data": ".eJxVjDsOwyAQRO9CHSEWMJ-U6X0GBLsQnERYMnYV5e6xJRdJNdK8N_NmIW5rDVvPS5iIXZlkl98uRXzmdgB6xHafOc5tXabED4WftPNxpvy6ne7fQY297msvjRJGKRoougIAwusMRRZjrXNotBbOq5QRhB5IaGExSg9Gkd0DHft8AauZNlU:1nCbV2:PoZFKa4BkLbMEw_CC1oB4MLoJebp4Qtd4gtJhCtXc5A", "expire_date": "2022-02-09T06:09:44.017Z"}}, {"model": "sessions.session", "pk": "wnrtxctt76ta8c3skdiwlyos5kwiu80p", "fields": {"session_data": ".eJxVjDsOwyAQRO9CHSHAfFOm9xkQy0JwEoFk7CrK3YMlF0kzxZs38yY-7Fvxe0-rX5BciSaXXwYhPlM9CnyEem80trqtC9BDoWfb6dwwvW6n-3dQQi9jHTNXUkqAyWWLNhtnUTnHGDIJZjJJCD2SWzUFRJ6Bc6UHFIB8SIJ8vtWTN0E:1nHh6v:gb0utXtuoaIJMlnLmrC5VqAaM4esybd58j6mD4b13_o", "expire_date": "2022-02-23T07:09:53.800Z"}}, {"model": "sessions.session", "pk": "wrdenu8t5dphv1ybv2ye2brkma99rqbi", "fields": {"session_data": ".eJxVjDsOwyAQRO9CHSEWMJ-U6X0GBLsQnERYMnYV5e6xJRdJNdK8N_NmIW5rDVvPS5iIXZlkl98uRXzmdgB6xHafOc5tXabED4WftPNxpvy6ne7fQY297msvjRJGKRoougIAwusMRRZjrXNotBbOq5QRhB5IaGExSg9Gkd0DHft8AauZNlU:1n6o3u:Mf8RoRtWVXxZLxlkcZEFcGr5sHL19UaawMB55cbpsbE", "expire_date": "2022-01-24T06:21:46.320Z"}}, {"model": "sessions.session", "pk": "xr173974d6kq48uj4hsra2duz2vfivmo", "fields": {"session_data": ".eJxVjDsOwyAQRO9CHSHAfFOm9xkQy0JwEoFk7CrK3YMlF0kzxZs38yY-7Fvxe0-rX5BciSaXXwYhPlM9CnyEem80trqtC9BDoWfb6dwwvW6n-3dQQi9jHTNXUkqAyWWLNhtnUTnHGDIJZjJJCD2SWzUFRJ6Bc6UHFIB8SIJ8vtWTN0E:1nCMbd:qek-jn-9S0DhhD_jyMb7lTPgpdx_1Vot4qeF2_yXDqo", "expire_date": "2022-02-08T14:15:33.581Z"}}, {"model": "sessions.session", "pk": "xwjb1hhactfgxo544cqxs9m17x9n1nop", "fields": {"session_data": ".eJxVjDsOwyAQRO9CHSHAfFOm9xkQy0JwEoFk7CrK3YMlF0kzxZs38yY-7Fvxe0-rX5BciSaXXwYhPlM9CnyEem80trqtC9BDoWfb6dwwvW6n-3dQQi9jHTNXUkqAyWWLNhtnUTnHGDIJZjJJCD2SWzUFRJ6Bc6UHFIB8SIJ8vtWTN0E:1nI1dl:hbc4tWNt_xRckFG7wxBbXHhCydFC4RvBVgQ0zBaJRtE", "expire_date": "2022-02-24T05:05:09.716Z"}}, {"model": "sessions.session", "pk": "znjg2zvkjs2qdbf4qija3cnft129r1d5", "fields": {"session_data": ".eJxVjMsOwiAQRf-FtSHQ8igu3fsNZJgZpGogKe3K-O_apAvd3nPOfYkI21ri1nmJM4mzGMTpd0uAD647oDvUW5PY6rrMSe6KPGiX10b8vBzu30GBXr41mpAzBj0FMKOenNGBDeIA3mhPyXo9-oRsWRunvHKZXHZkFaRMmcIo3h_cKDgT:1nHh6d:pEE6eIFs0m4QMdxYggLJfbjwtlzobdDKK0zX4n6BAAw", "expire_date": "2022-02-23T07:09:35.672Z"}}, {"model": "superuser.aboutcontact", "pk": 1, "fields": {"logo": "logo/logo_2.png", "AdminTitle": "Sequal Administration", "favicon": "logo/logo_P473LBQ.png"}}, {"model": "superuser.emailsetup", "pk": 1, "fields": {"host": "smtp.gmail.com", "port": 587, "tsl": true, "ssl": true, "email": "ritik.cyberflax@gmail.com", "password": "nrqewsgntpcgzknm", "activate": true}}, {"model": "UserData.user", "pk": 2, "fields": {"password": "pbkdf2_sha256$320000$Lfimq2ydmEVlMxm4gSONKJ$F76T/en4CxXYyQFTEd95MsKZTZ9vJyfJaclO42edfLM=", "last_login": "2022-02-09T07:09:35.566Z", "is_superuser": true, "username": "root", "first_name": "", "last_name": "", "email": "", "is_staff": true, "is_active": true, "date_joined": "2021-12-29T08:46:07.410Z", "phone": "", "gender": "male", "dob": "2000-01-25", "profile": "profile/default.jpg", "groups": [], "user_permissions": []}}, {"model": "UserData.user", "pk": 3, "fields": {"password": "12345678", "last_login": null, "is_superuser": false, "username": "root@gmail.com", "first_name": "ritik", "last_name": "sisodiya", "email": "ritik.s10120@gmail.com", "is_staff": false, "is_active": true, "date_joined": "2021-12-29T11:23:15Z", "phone": "", "gender": "male", "dob": "2000-01-25", "profile": "profile/default.jpg", "groups": [], "user_permissions": []}}, {"model": "UserData.user", "pk": 4, "fields": {"password": "12345678", "last_login": null, "is_superuser": false, "username": "ritiksisodiya", "first_name": "ritik", "last_name": "sisodiya", "email": "ritik.s10120@gmail.com", "is_staff": false, "is_active": true, "date_joined": "2022-01-04T06:33:58Z", "phone": "", "gender": "male", "dob": "2000-01-25", "profile": "profile/default.jpg", "groups": [], "user_permissions": []}}, {"model": "UserData.user", "pk": 5, "fields": {"password": "12345678", "last_login": "2022-01-26T14:53:00Z", "is_superuser": false, "username": "rrrrr", "first_name": "ritik", "last_name": "sisodiya", "email": "rrrr.10120@gmail.com", "is_staff": false, "is_active": true, "date_joined": "2022-01-04T09:18:13Z", "phone": "", "gender": "male", "dob": "2000-01-25", "profile": "profile/default.jpg", "groups": [], "user_permissions": []}}, {"model": "UserData.user", "pk": 6, "fields": {"password": "pbkdf2_sha256$320000$A4Devu7OI1dmCtnwepNAcI$er0s6y9g+Iky7EYFOi4Fv4MeFemvS17z1TXA2XhpFyE=", "last_login": "2022-02-10T16:40:50.040Z", "is_superuser": false, "username": "PJYVCPLV", "first_name": "ritik", "last_name": "sisodi", "email": "ritik.s10120@gmail.com", "is_staff": false, "is_active": true, "date_joined": "2022-01-12T09:54:27.453Z", "phone": "8602276724", "gender": "female", "dob": "2000-01-10", "profile": "profile/default.jpg", "groups": [], "user_permissions": []}}, {"model": "UserData.user", "pk": 7, "fields": {"password": "pbkdf2_sha256$320000$0bijYVvKlstbEzhvOqlJKe$0kAWhpwkRLqsmemRUjGn3Icrn1Gn/KZO/CDbN5SsfFY=", "last_login": "2022-01-29T11:17:43.058Z", "is_superuser": false, "username": "OTJEDU6T", "first_name": "Roshan", "last_name": "", "email": "ritik.cyberflax@gmail.com", "is_staff": false, "is_active": true, "date_joined": "2022-01-18T08:32:31.876Z", "phone": "7428731210", "gender": "male", "dob": "1999-12-30", "profile": "profile/default.jpg", "groups": [], "user_permissions": []}}, {"model": "UserData.user", "pk": 8, "fields": {"password": "pbkdf2_sha256$320000$3vUMCUNzzrAcJD3SRQNVBN$quUecm+v0hbhSsJwZjdbh9T6hzkES3FcJnlVdRqTYVw=", "last_login": "2022-01-28T06:14:13.469Z", "is_superuser": false, "username": "HGHLDZ2G", "first_name": "Roshan", "last_name": "", "email": "ritik.cyberflax@gmail.com", "is_staff": false, "is_active": true, "date_joined": "2022-01-28T06:14:12.435Z", "phone": "9876543210", "gender": "male", "dob": "2022-01-22", "profile": "profile/default.jpg", "groups": [], "user_permissions": []}}, {"model": "UserData.user", "pk": 9, "fields": {"password": "pbkdf2_sha256$260000$oIdFrbCAx4ZbfQxov9jjU9$4ySkfi+aUJ5VUwTzPbTvIomQEhMojVUSYGLISN/dNDQ=", "last_login": "2022-02-01T07:49:08.837Z", "is_superuser": false, "username": "EVQO3C1L", "first_name": "sujeet", "last_name": "", "email": "sujeet0139@gmail.com", "is_staff": false, "is_active": true, "date_joined": "2022-01-31T02:07:00.249Z", "phone": "8010286214", "gender": "male", "dob": "1980-10-29", "profile": "profile/default.jpg", "groups": [], "user_permissions": []}}, {"model": "UserData.tempuser", "pk": 89, "fields": {"phone": "9876543210", "otp": "583944", "expire": "2022-01-28T11:45:54.847Z"}}, {"model": "UserData.tempuser", "pk": 90, "fields": {"phone": "07428731210", "otp": "951539", "expire": "2022-01-28T12:43:22.367Z"}}, {"model": "UserData.tempuser", "pk": 95, "fields": {"phone": "7428731210", "otp": "323172", "expire": "2022-01-29T16:49:31.094Z"}}, {"model": "UserData.tempuser", "pk": 98, "fields": {"phone": "8010286214", "otp": "128852", "expire": "2022-02-01T07:50:56.050Z"}}, {"model": "UserData.tempuser", "pk": 104, "fields": {"phone": "8602276724", "otp": "217135", "expire": "2022-02-10T22:12:45.705Z"}}, {"model": "UserData.useraddress", "pk": 4, "fields": {"user": 6, "city": "Indore", "houseno": "233 sharddha sree", "pin": "452001", "state": "Madhya Pradesh", "default": false}}, {"model": "UserData.useraddress", "pk": 5, "fields": {"user": 7, "city": "Indore", "houseno": "123 sharddha shree colony", "pin": "452010", "state": "Madhya Pradesh", "default": false}}, {"model": "UserData.useraddress", "pk": 7, "fields": {"user": 7, "city": "Dhar", "houseno": "this is my address", "pin": "454001", "state": "Madhya Pradesh", "default": false}}, {"model": "UserData.useraddress", "pk": 9, "fields": {"user": 9, "city": "Gautam Buddha Nagar", "houseno": "565", "pin": "201301", "state": "Uttar Pradesh", "default": true}}, {"model": "UserData.useraddress", "pk": 11, "fields": {"user": 6, "city": "Indore", "houseno": "124 vijay nagar indore", "pin": "452010", "state": "Madhya Pradesh", "default": true}}, {"model": "UserData.family", "pk": 1, "fields": {"user": 6, "name": "Ritik Sisodiya", "email": "test@gmail.com", "relation": "Child", "mobile": "7428731210", "dob": "1999-01-18", "gender": "male"}}, {"model": "UserData.family", "pk": 2, "fields": {"user": 6, "name": "Ritik Sisodiya", "email": "leporol173@play588.com", "relation": "Others", "mobile": "7428731210", "dob": "2008-05-06", "gender": "male"}}, {"model": "UserData.family", "pk": 3, "fields": {"user": 7, "name": "Ritik Sisodiya", "email": "ritik.s10120@gmail.com11", "relation": "Spouse", "mobile": "7428731210", "dob": "1999-09-13", "gender": "male"}}, {"model": "UserData.family", "pk": 4, "fields": {"user": 7, "name": "Ritik Sisodiya", "email": "ritik.s10120@gmail.com11", "relation": "Spouse", "mobile": "7428731210", "dob": "1999-09-26", "gender": "male"}}, {"model": "UserData.family", "pk": 5, "fields": {"user": 9, "name": "ANKIT", "email": "SUJEET0139@GMAIL.COM", "relation": "Friend", "mobile": "8888888888", "dob": "2022-02-02", "gender": "male"}}, {"model": "UserData.family", "pk": 6, "fields": {"user": 9, "name": "RAHUL", "email": "SUJ@GMAIL.COM", "relation": "Parent", "mobile": "8888888888", "dob": "2022-02-02", "gender": "female"}}, {"model": "UserData.family", "pk": 7, "fields": {"user": 6, "name": "pravesh parihar", "email": "ritik.s10120@gmail.com", "relation": "Others", "mobile": "8839779714", "dob": "2000-05-13", "gender": "male"}}, {"model": "UserData.booking", "pk": 3, "fields": {"Booking_id": "booking3", "status": "pending", "user": 3, "type": "package", "test": null, "package": 1, "collectiontime": "2022-01-25T11:35:43.903Z", "bookingfor": "2022-01-25 12:00:25.357817+00:00", "address": null, "member": null}}, {"model": "UserData.booking", "pk": 4, "fields": {"Booking_id": "booking4", "status": "pending", "user": 3, "type": "test", "test": null, "package": null, "collectiontime": "2022-01-25T11:35:43.903Z", "bookingfor": "2022-01-25 12:00:25.357817+00:00", "address": null, "member": null}}, {"model": "UserData.booking", "pk": 5, "fields": {"Booking_id": "booking5", "status": "pending", "user": 3, "type": "test", "test": null, "package": null, "collectiontime": "2022-01-25T11:35:43.903Z", "bookingfor": "2022-01-25 12:00:25.357817+00:00", "address": null, "member": null}}, {"model": "UserData.booking", "pk": 6, "fields": {"Booking_id": "booking6", "status": "pending", "user": 3, "type": "test", "test": null, "package": null, "collectiontime": "2022-01-25T11:35:43.903Z", "bookingfor": "2022-01-25 12:00:25.357817+00:00", "address": null, "member": null}}, {"model": "UserData.booking", "pk": 7, "fields": {"Booking_id": "booking7", "status": "pending", "user": 3, "type": "test", "test": null, "package": null, "collectiontime": "2022-01-25T11:35:43.903Z", "bookingfor": "2022-01-25 12:00:25.357817+00:00", "address": null, "member": null}}, {"model": "UserData.booking", "pk": 8, "fields": {"Booking_id": "booking8", "status": "pending", "user": 2, "type": "package", "test": null, "package": 1, "collectiontime": "2022-01-25T11:35:43.903Z", "bookingfor": "2022-01-25 12:00:25.357817+00:00", "address": null, "member": null}}, {"model": "UserData.booking", "pk": 9, "fields": {"Booking_id": "booking9", "status": "pending", "user": 4, "type": "test", "test": null, "package": null, "collectiontime": "2022-01-25T11:35:43.903Z", "bookingfor": "2022-01-25 12:00:25.357817+00:00", "address": null, "member": null}}, {"model": "UserData.booking", "pk": 10, "fields": {"Booking_id": "booking10", "status": "pending", "user": 5, "type": "test", "test": null, "package": null, "collectiontime": "2022-01-25T11:35:43.903Z", "bookingfor": "2022-01-25 12:00:25.357817+00:00", "address": null, "member": null}}, {"model": "UserData.booking", "pk": 11, "fields": {"Booking_id": "booking11", "status": "pending", "user": 6, "type": "package", "test": null, "package": 1, "collectiontime": "2022-01-11T18:41:00Z", "bookingfor": "member1", "address": null, "member": 1}}, {"model": "UserData.booking", "pk": 12, "fields": {"Booking_id": "booking12", "status": "pending", "user": 6, "type": "package", "test": null, "package": 1, "collectiontime": "2022-01-11T18:41:00Z", "bookingfor": "self", "address": null, "member": null}}, {"model": "UserData.booking", "pk": 13, "fields": {"Booking_id": "booking13", "status": "pending", "user": 6, "type": "package", "test": null, "package": 1, "collectiontime": "2022-01-11T18:41:00Z", "bookingfor": "member1", "address": null, "member": 1}}, {"model": "UserData.booking", "pk": 14, "fields": {"Booking_id": "booking14", "status": "pending", "user": 6, "type": "package", "test": null, "package": 1, "collectiontime": "2022-01-11T18:41:00Z", "bookingfor": "self", "address": null, "member": null}}, {"model": "UserData.booking", "pk": 15, "fields": {"Booking_id": "booking15", "status": "pending", "user": 6, "type": "package", "test": null, "package": 1, "collectiontime": "2022-01-11T18:41:00Z", "bookingfor": "member1", "address": null, "member": 1}}, {"model": "UserData.booking", "pk": 16, "fields": {"Booking_id": "booking16", "status": "pending", "user": 6, "type": "package", "test": null, "package": 1, "collectiontime": "2022-01-11T18:41:00Z", "bookingfor": "self", "address": null, "member": null}}, {"model": "UserData.booking", "pk": 17, "fields": {"Booking_id": "booking17", "status": "pending", "user": 6, "type": "package", "test": null, "package": 1, "collectiontime": "2022-01-27T18:59:00Z", "bookingfor": "member1", "address": null, "member": 1}}, {"model": "UserData.booking", "pk": 18, "fields": {"Booking_id": "booking18", "status": "pending", "user": 6, "type": "package", "test": null, "package": 1, "collectiontime": "2022-01-27T18:59:00Z", "bookingfor": "self", "address": null, "member": null}}, {"model": "UserData.booking", "pk": 19, "fields": {"Booking_id": "booking19", "status": "pending", "user": 6, "type": "package", "test": null, "package": 1, "collectiontime": "2022-01-27T18:59:00Z", "bookingfor": "member1", "address": null, "member": 1}}, {"model": "UserData.booking", "pk": 20, "fields": {"Booking_id": "booking20", "status": "pending", "user": 6, "type": "package", "test": null, "package": 1, "collectiontime": "2022-01-27T18:59:00Z", "bookingfor": "self", "address": null, "member": null}}, {"model": "UserData.booking", "pk": 21, "fields": {"Booking_id": "booking21", "status": "pending", "user": 6, "type": "package", "test": null, "package": 1, "collectiontime": "2022-01-27T18:59:00Z", "bookingfor": "member1", "address": null, "member": 1}}, {"model": "UserData.booking", "pk": 22, "fields": {"Booking_id": "booking22", "status": "pending", "user": 6, "type": "package", "test": null, "package": 1, "collectiontime": "2022-01-27T18:59:00Z", "bookingfor": "self", "address": null, "member": null}}, {"model": "UserData.booking", "pk": 23, "fields": {"Booking_id": "booking23", "status": "pending", "user": 6, "type": "package", "test": null, "package": 1, "collectiontime": "2022-01-27T18:59:00Z", "bookingfor": "member1", "address": null, "member": 1}}, {"model": "UserData.booking", "pk": 24, "fields": {"Booking_id": "booking24", "status": "pending", "user": 6, "type": "package", "test": null, "package": 1, "collectiontime": "2022-01-27T18:59:00Z", "bookingfor": "self", "address": null, "member": null}}, {"model": "UserData.booking", "pk": 25, "fields": {"Booking_id": "booking25", "status": "pending", "user": 6, "type": "package", "test": null, "package": 1, "collectiontime": "2022-01-27T18:59:00Z", "bookingfor": "member1", "address": null, "member": 1}}, {"model": "UserData.booking", "pk": 26, "fields": {"Booking_id": "booking26", "status": "pending", "user": 6, "type": "package", "test": null, "package": 1, "collectiontime": "2022-01-27T18:59:00Z", "bookingfor": "self", "address": null, "member": null}}, {"model": "UserData.booking", "pk": 27, "fields": {"Booking_id": "booking27", "status": "pending", "user": 6, "type": "package", "test": null, "package": 1, "collectiontime": "2022-01-27T18:59:00Z", "bookingfor": "member1", "address": null, "member": 1}}, {"model": "UserData.booking", "pk": 28, "fields": {"Booking_id": "booking28", "status": "pending", "user": 6, "type": "package", "test": null, "package": 1, "collectiontime": "2022-01-27T18:59:00Z", "bookingfor": "self", "address": null, "member": null}}, {"model": "UserData.booking", "pk": 29, "fields": {"Booking_id": "booking29", "status": "pending", "user": 6, "type": "package", "test": null, "package": 1, "collectiontime": "2022-01-27T18:59:00Z", "bookingfor": "member1", "address": null, "member": 1}}, {"model": "UserData.booking", "pk": 30, "fields": {"Booking_id": "booking30", "status": "pending", "user": 6, "type": "package", "test": null, "package": 1, "collectiontime": "2022-01-27T18:59:00Z", "bookingfor": "self", "address": null, "member": null}}, {"model": "UserData.booking", "pk": 31, "fields": {"Booking_id": "booking31", "status": "pending", "user": 6, "type": "package", "test": null, "package": 1, "collectiontime": "2022-01-27T18:59:00Z", "bookingfor": "member1", "address": null, "member": 1}}, {"model": "UserData.booking", "pk": 32, "fields": {"Booking_id": "booking32", "status": "pending", "user": 6, "type": "package", "test": null, "package": 1, "collectiontime": "2022-01-27T18:59:00Z", "bookingfor": "self", "address": null, "member": null}}, {"model": "UserData.booking", "pk": 33, "fields": {"Booking_id": "booking33", "status": "pending", "user": 6, "type": "package", "test": null, "package": 1, "collectiontime": "2022-01-27T18:59:00Z", "bookingfor": "member1", "address": null, "member": 1}}, {"model": "UserData.booking", "pk": 34, "fields": {"Booking_id": "booking34", "status": "pending", "user": 6, "type": "package", "test": null, "package": 1, "collectiontime": "2022-01-27T18:59:00Z", "bookingfor": "self", "address": null, "member": null}}, {"model": "UserData.booking", "pk": 35, "fields": {"Booking_id": "booking35", "status": "pending", "user": 6, "type": "package", "test": null, "package": 1, "collectiontime": "2022-01-27T18:59:00Z", "bookingfor": "member1", "address": null, "member": 1}}, {"model": "UserData.booking", "pk": 36, "fields": {"Booking_id": "booking36", "status": "pending", "user": 6, "type": "package", "test": null, "package": 1, "collectiontime": "2022-01-27T18:59:00Z", "bookingfor": "self", "address": null, "member": null}}, {"model": "UserData.booking", "pk": 37, "fields": {"Booking_id": "booking37", "status": "pending", "user": 6, "type": "package", "test": null, "package": 1, "collectiontime": "2022-01-13T19:09:00Z", "bookingfor": "member1", "address": null, "member": 1}}, {"model": "UserData.booking", "pk": 38, "fields": {"Booking_id": "booking38", "status": "pending", "user": 6, "type": "package", "test": null, "package": 1, "collectiontime": "2022-01-13T19:09:00Z", "bookingfor": "self", "address": null, "member": null}}, {"model": "UserData.booking", "pk": 39, "fields": {"Booking_id": "booking39", "status": "pending", "user": 6, "type": "package", "test": null, "package": 1, "collectiontime": "2022-01-01T23:15:00Z", "bookingfor": "member1", "address": null, "member": 1}}, {"model": "UserData.booking", "pk": 40, "fields": {"Booking_id": "booking40", "status": "pending", "user": 6, "type": "package", "test": null, "package": 1, "collectiontime": "2022-01-01T23:15:00Z", "bookingfor": "self", "address": null, "member": null}}, {"model": "UserData.booking", "pk": 41, "fields": {"Booking_id": "booking41", "status": "success", "user": 6, "type": "package", "test": null, "package": 1, "collectiontime": "2022-01-01T22:30:00Z", "bookingfor": "member1", "address": null, "member": 1}}, {"model": "UserData.booking", "pk": 42, "fields": {"Booking_id": "booking42", "status": "success", "user": 6, "type": "package", "test": null, "package": 1, "collectiontime": "2022-01-01T22:30:00Z", "bookingfor": "self", "address": null, "member": null}}, {"model": "UserData.booking", "pk": 43, "fields": {"Booking_id": "booking43", "status": "success", "user": 6, "type": "package", "test": null, "package": 1, "collectiontime": "2022-01-28T14:58:00Z", "bookingfor": "member2", "address": null, "member": 2}}, {"model": "UserData.booking", "pk": 44, "fields": {"Booking_id": "booking44", "status": "success", "user": 6, "type": "package", "test": null, "package": 1, "collectiontime": "2022-01-28T14:58:00Z", "bookingfor": "self", "address": null, "member": null}}, {"model": "UserData.booking", "pk": 45, "fields": {"Booking_id": "booking45", "status": "success", "user": 6, "type": "package", "test": null, "package": 1, "collectiontime": "2022-01-27T18:38:00Z", "bookingfor": "member1", "address": null, "member": 1}}, {"model": "UserData.booking", "pk": 46, "fields": {"Booking_id": "booking46", "status": "success", "user": 6, "type": "package", "test": null, "package": 1, "collectiontime": "2022-01-27T18:38:00Z", "bookingfor": "member2", "address": null, "member": 2}}, {"model": "UserData.booking", "pk": 47, "fields": {"Booking_id": "booking47", "status": "success", "user": 6, "type": "package", "test": null, "package": 1, "collectiontime": "2022-01-27T18:38:00Z", "bookingfor": "self", "address": null, "member": null}}, {"model": "UserData.booking", "pk": 50, "fields": {"Booking_id": "booking50", "status": "success", "user": 7, "type": "package", "test": null, "package": 1, "collectiontime": "2022-01-31T18:32:00Z", "bookingfor": "self", "address": null, "member": null}}, {"model": "UserData.booking", "pk": 51, "fields": {"Booking_id": "booking51", "status": "success", "user": 7, "type": "test", "test": null, "package": null, "collectiontime": "2022-01-26T18:37:00Z", "bookingfor": "self", "address": null, "member": null}}, {"model": "UserData.booking", "pk": 53, "fields": {"Booking_id": "booking53", "status": "pending", "user": 9, "type": "package", "test": null, "package": 1, "collectiontime": "2022-02-02T09:53:00Z", "bookingfor": "self", "address": null, "member": null}}, {"model": "UserData.booking", "pk": 54, "fields": {"Booking_id": "booking54", "status": "pending", "user": 9, "type": "package", "test": null, "package": 1, "collectiontime": "2022-02-02T09:53:00Z", "bookingfor": "self", "address": null, "member": null}}, {"model": "UserData.booking", "pk": 56, "fields": {"Booking_id": "booking56", "status": "pending", "user": 9, "type": "package", "test": null, "package": 2, "collectiontime": "2022-02-02T02:04:00Z", "bookingfor": "self", "address": null, "member": null}}, {"model": "UserData.booking", "pk": 58, "fields": {"Booking_id": "booking58", "status": "success", "user": 9, "type": "package", "test": null, "package": 3, "collectiontime": "2022-02-02T13:08:00Z", "bookingfor": "self", "address": null, "member": null}}, {"model": "UserData.booking", "pk": 59, "fields": {"Booking_id": "booking59", "status": "pending", "user": 9, "type": "package", "test": null, "package": 2, "collectiontime": "2022-02-26T04:46:00Z", "bookingfor": "self", "address": null, "member": null}}, {"model": "UserData.booking", "pk": 61, "fields": {"Booking_id": "booking61", "status": "success", "user": 9, "type": "package", "test": null, "package": 3, "collectiontime": "2022-02-18T14:01:00Z", "bookingfor": "self", "address": null, "member": null}}, {"model": "UserData.booking", "pk": 62, "fields": {"Booking_id": "booking62", "status": "success", "user": 6, "type": "package", "test": null, "package": 2, "collectiontime": "2022-02-11T13:21:00Z", "bookingfor": "member1", "address": 11, "member": 1}}, {"model": "UserData.booking", "pk": 63, "fields": {"Booking_id": "booking63", "status": "success", "user": 6, "type": "package", "test": null, "package": 2, "collectiontime": "2022-02-11T13:21:00Z", "bookingfor": "member2", "address": 11, "member": 2}}, {"model": "UserData.booking", "pk": 64, "fields": {"Booking_id": "booking64", "status": "success", "user": 6, "type": "package", "test": null, "package": 2, "collectiontime": "2022-02-11T13:21:00Z", "bookingfor": "member7", "address": 11, "member": 7}}, {"model": "UserData.booking", "pk": 65, "fields": {"Booking_id": "booking65", "status": "success", "user": 6, "type": "package", "test": null, "package": 2, "collectiontime": "2022-02-11T13:21:00Z", "bookingfor": "self", "address": 11, "member": null}}, {"model": "UserData.booking", "pk": 70, "fields": {"Booking_id": "booking70", "status": "success", "user": 6, "type": "test", "test": 5, "package": null, "collectiontime": "2022-02-10T14:14:00Z", "bookingfor": "member2", "address": 11, "member": 2}}, {"model": "UserData.booking", "pk": 71, "fields": {"Booking_id": "booking71", "status": "success", "user": 6, "type": "test", "test": 5, "package": null, "collectiontime": "2022-02-10T14:14:00Z", "bookingfor": "self", "address": 11, "member": null}}, {"model": "UserData.booking", "pk": 72, "fields": {"Booking_id": "booking72", "status": "pending", "user": 6, "type": "package", "test": null, "package": 3, "collectiontime": "2022-02-11T11:34:00Z", "bookingfor": "member1", "address": 4, "member": 1}}, {"model": "UserData.booking", "pk": 73, "fields": {"Booking_id": "booking73", "status": "pending", "user": 6, "type": "package", "test": null, "package": 3, "collectiontime": "2022-02-11T11:34:00Z", "bookingfor": "member2", "address": 4, "member": 2}}, {"model": "UserData.booking", "pk": 74, "fields": {"Booking_id": "booking74", "status": "pending", "user": 6, "type": "package", "test": null, "package": 3, "collectiontime": "2022-02-11T11:34:00Z", "bookingfor": "member7", "address": 4, "member": 7}}, {"model": "UserData.booking", "pk": 75, "fields": {"Booking_id": "booking75", "status": "pending", "user": 6, "type": "package", "test": null, "package": 3, "collectiontime": "2022-02-11T11:34:00Z", "bookingfor": "self", "address": 4, "member": null}}, {"model": "UserData.booking", "pk": 76, "fields": {"Booking_id": "booking76", "status": "pending", "user": 6, "type": "package", "test": null, "package": 3, "collectiontime": "2022-03-02T11:36:00Z", "bookingfor": "member1", "address": 4, "member": 1}}, {"model": "UserData.booking", "pk": 77, "fields": {"Booking_id": "booking77", "status": "pending", "user": 6, "type": "package", "test": null, "package": 3, "collectiontime": "2022-03-02T11:36:00Z", "bookingfor": "member2", "address": 4, "member": 2}}, {"model": "UserData.booking", "pk": 78, "fields": {"Booking_id": "booking78", "status": "pending", "user": 6, "type": "package", "test": null, "package": 3, "collectiontime": "2022-03-02T11:36:00Z", "bookingfor": "member7", "address": 4, "member": 7}}, {"model": "UserData.booking", "pk": 79, "fields": {"Booking_id": "booking79", "status": "pending", "user": 6, "type": "package", "test": null, "package": 3, "collectiontime": "2022-03-02T11:36:00Z", "bookingfor": "self", "address": 4, "member": null}}, {"model": "UserData.booking", "pk": 80, "fields": {"Booking_id": "booking80", "status": "pending", "user": 6, "type": "package", "test": null, "package": 3, "collectiontime": "2022-03-02T11:36:00Z", "bookingfor": "member1", "address": 4, "member": 1}}, {"model": "UserData.booking", "pk": 81, "fields": {"Booking_id": "booking81", "status": "pending", "user": 6, "type": "package", "test": null, "package": 3, "collectiontime": "2022-03-02T11:36:00Z", "bookingfor": "member2", "address": 4, "member": 2}}, {"model": "UserData.booking", "pk": 82, "fields": {"Booking_id": "booking82", "status": "pending", "user": 6, "type": "package", "test": null, "package": 3, "collectiontime": "2022-03-02T11:36:00Z", "bookingfor": "member7", "address": 4, "member": 7}}, {"model": "UserData.booking", "pk": 83, "fields": {"Booking_id": "booking83", "status": "pending", "user": 6, "type": "package", "test": null, "package": 3, "collectiontime": "2022-03-02T11:36:00Z", "bookingfor": "self", "address": 4, "member": null}}, {"model": "UserData.booking", "pk": 84, "fields": {"Booking_id": "booking84", "status": "pending", "user": 6, "type": "package", "test": null, "package": 3, "collectiontime": "2022-02-19T11:46:00Z", "bookingfor": "member1", "address": 4, "member": 1}}, {"model": "UserData.booking", "pk": 85, "fields": {"Booking_id": "booking85", "status": "pending", "user": 6, "type": "package", "test": null, "package": 3, "collectiontime": "2022-02-19T11:46:00Z", "bookingfor": "member2", "address": 4, "member": 2}}, {"model": "UserData.booking", "pk": 86, "fields": {"Booking_id": "booking86", "status": "pending", "user": 6, "type": "package", "test": null, "package": 3, "collectiontime": "2022-02-19T11:46:00Z", "bookingfor": "member7", "address": 4, "member": 7}}, {"model": "UserData.booking", "pk": 87, "fields": {"Booking_id": "booking87", "status": "pending", "user": 6, "type": "package", "test": null, "package": 3, "collectiontime": "2022-02-19T11:46:00Z", "bookingfor": "self", "address": 4, "member": null}}, {"model": "UserData.booking", "pk": 88, "fields": {"Booking_id": "booking88", "status": "success", "user": 6, "type": "package", "test": null, "package": 3, "collectiontime": "2022-02-19T11:46:00Z", "bookingfor": "member1", "address": 4, "member": 1}}, {"model": "UserData.booking", "pk": 89, "fields": {"Booking_id": "booking89", "status": "success", "user": 6, "type": "package", "test": null, "package": 3, "collectiontime": "2022-02-19T11:46:00Z", "bookingfor": "member2", "address": 4, "member": 2}}, {"model": "UserData.booking", "pk": 90, "fields": {"Booking_id": "booking90", "status": "success", "user": 6, "type": "package", "test": null, "package": 3, "collectiontime": "2022-02-19T11:46:00Z", "bookingfor": "member7", "address": 4, "member": 7}}, {"model": "UserData.booking", "pk": 91, "fields": {"Booking_id": "booking91", "status": "success", "user": 6, "type": "package", "test": null, "package": 3, "collectiontime": "2022-02-19T11:46:00Z", "bookingfor": "self", "address": 4, "member": null}}, {"model": "UserData.booking", "pk": 92, "fields": {"Booking_id": "booking92", "status": "cod", "user": 6, "type": "package", "test": null, "package": 2, "collectiontime": "2022-02-19T12:38:00Z", "bookingfor": "member1", "address": 4, "member": 1}}, {"model": "UserData.booking", "pk": 93, "fields": {"Booking_id": "booking93", "status": "cod", "user": 6, "type": "package", "test": null, "package": 2, "collectiontime": "2022-02-19T12:38:00Z", "bookingfor": "member2", "address": 4, "member": 2}}, {"model": "UserData.booking", "pk": 94, "fields": {"Booking_id": "booking94", "status": "cod", "user": 6, "type": "package", "test": null, "package": 2, "collectiontime": "2022-02-19T12:38:00Z", "bookingfor": "member7", "address": 4, "member": 7}}, {"model": "UserData.booking", "pk": 95, "fields": {"Booking_id": "booking95", "status": "cod", "user": 6, "type": "package", "test": null, "package": 2, "collectiontime": "2022-02-19T12:38:00Z", "bookingfor": "self", "address": 4, "member": null}}, {"model": "UserData.booking", "pk": 96, "fields": {"Booking_id": "booking96", "status": "success", "user": 6, "type": "package", "test": null, "package": 2, "collectiontime": "2022-02-18T12:55:00Z", "bookingfor": "member1", "address": 4, "member": 1}}, {"model": "UserData.booking", "pk": 97, "fields": {"Booking_id": "booking97", "status": "success", "user": 6, "type": "package", "test": null, "package": 2, "collectiontime": "2022-02-18T12:55:00Z", "bookingfor": "member2", "address": 4, "member": 2}}, {"model": "UserData.booking", "pk": 98, "fields": {"Booking_id": "booking98", "status": "success", "user": 6, "type": "package", "test": null, "package": 2, "collectiontime": "2022-02-18T12:55:00Z", "bookingfor": "member7", "address": 4, "member": 7}}, {"model": "UserData.booking", "pk": 99, "fields": {"Booking_id": "booking99", "status": "success", "user": 6, "type": "package", "test": null, "package": 2, "collectiontime": "2022-02-18T12:55:00Z", "bookingfor": "self", "address": 4, "member": null}}, {"model": "UserData.booking", "pk": 100, "fields": {"Booking_id": "booking100", "status": "success", "user": 6, "type": "package", "test": null, "package": 2, "collectiontime": "2022-02-10T13:28:00Z", "bookingfor": "member1", "address": 4, "member": 1}}, {"model": "UserData.booking", "pk": 101, "fields": {"Booking_id": "booking101", "status": "success", "user": 6, "type": "package", "test": null, "package": 2, "collectiontime": "2022-02-10T13:28:00Z", "bookingfor": "member2", "address": 4, "member": 2}}, {"model": "UserData.booking", "pk": 102, "fields": {"Booking_id": "booking102", "status": "success", "user": 6, "type": "package", "test": null, "package": 2, "collectiontime": "2022-02-10T13:28:00Z", "bookingfor": "member7", "address": 4, "member": 7}}, {"model": "UserData.booking", "pk": 103, "fields": {"Booking_id": "booking103", "status": "success", "user": 6, "type": "package", "test": null, "package": 2, "collectiontime": "2022-02-10T13:28:00Z", "bookingfor": "self", "address": 4, "member": null}}, {"model": "UserData.booking", "pk": 104, "fields": {"Booking_id": "booking104", "status": "pending", "user": 6, "type": "package", "test": null, "package": 2, "collectiontime": "2022-02-19T21:50:00Z", "bookingfor": "member2", "address": 4, "member": 2}}, {"model": "UserData.booking", "pk": 105, "fields": {"Booking_id": "booking105", "status": "success", "user": 6, "type": "package", "test": null, "package": 2, "collectiontime": "2022-02-19T21:50:00Z", "bookingfor": "member2", "address": 4, "member": 2}}, {"model": "UserData.booking", "pk": 106, "fields": {"Booking_id": "booking106", "status": "success", "user": 6, "type": "package", "test": null, "package": 2, "collectiontime": "2022-02-19T21:50:00Z", "bookingfor": "self", "address": 4, "member": null}}, {"model": "UserData.cart", "pk": 1, "fields": {"user": 6, "type": "", "package": 1, "test": null}}, {"model": "UserData.cart", "pk": 2, "fields": {"user": 6, "type": "", "package": null, "test": null}}, {"model": "UserData.cart", "pk": 3, "fields": {"user": 6, "type": "", "package": null, "test": null}}, {"model": "UserData.cart", "pk": 4, "fields": {"user": 7, "type": "", "package": 1, "test": null}}, {"model": "UserData.cart", "pk": 5, "fields": {"user": 7, "type": "", "package": null, "test": null}}, {"model": "UserData.cart", "pk": 6, "fields": {"user": 9, "type": "", "package": 1, "test": null}}, {"model": "UserData.cart", "pk": 7, "fields": {"user": 2, "type": "", "package": 2, "test": null}}, {"model": "UserData.cart", "pk": 8, "fields": {"user": 9, "type": "", "package": 2, "test": null}}, {"model": "UserData.cart", "pk": 9, "fields": {"user": 9, "type": "", "package": 3, "test": null}}, {"model": "UserData.cart", "pk": 10, "fields": {"user": 6, "type": "", "package": 2, "test": null}}, {"model": "UserData.cart", "pk": 11, "fields": {"user": 6, "type": "", "package": null, "test": 10}}, {"model": "UserData.cart", "pk": 12, "fields": {"user": 6, "type": "", "package": null, "test": 7}}, {"model": "UserData.cart", "pk": 13, "fields": {"user": 6, "type": "", "package": null, "test": 5}}, {"model": "UserData.cart", "pk": 14, "fields": {"user": 6, "type": "", "package": 3, "test": null}}, {"model": "UserData.report", "pk": 9, "fields": {"booking": 7, "report": "reports/booking7_8jg61Q9.pdf", "message": "", "content_type": "application/pdf"}}, {"model": "UserData.report", "pk": 10, "fields": {"booking": 8, "report": "reports/booking8_FaBQbb8.pdf", "message": "", "content_type": "application/pdf"}}, {"model": "UserData.report", "pk": 11, "fields": {"booking": 9, "report": "reports/booking9_RqkZJUZ.pdf", "message": "", "content_type": "application/pdf"}}, {"model": "UserData.report", "pk": 12, "fields": {"booking": 10, "report": "reports/booking10_f60kz0H.pdf", "message": "", "content_type": "application/pdf"}}, {"model": "UserData.report", "pk": 13, "fields": {"booking": 41, "report": "reports/Dummy-PDF-Report_ZrWgy3X.pdf", "message": "this is message", "content_type": "application/pdf"}}, {"model": "UserData.report", "pk": 14, "fields": {"booking": 42, "report": "reports/report.pdf", "message": "", "content_type": "application/pdf"}}, {"model": "UserData.report", "pk": 15, "fields": {"booking": 58, "report": "reports/booking58.pdf", "message": "okkk", "content_type": "application/pdf"}}, {"model": "UserData.requestedcallback", "pk": 1, "fields": {"type": "booking", "mobile": "7428731210", "name": "Ritik Sisodiya", "city": "Mumbai"}}, {"model": "package.category", "pk": 1, "fields": {"name": "Risk", "describe": "Risk", "img": "", "slug": "risk"}}, {"model": "package.category", "pk": 2, "fields": {"name": "Habit", "describe": "habit", "img": "", "slug": "habit"}}, {"model": "package.subcategory", "pk": 1, "fields": {"category": 1, "name": "Alcoholism", "slug": "alcoholism", "logo": "logos/logo.png", "shortdes": "", "description": "<p>Some symptoms that people with GERD may experience are:</p>\r\n\r\n<ul>\r\n\t<li>Heartburn</li>\r\n\t<li>Regurgitation</li>\r\n\t<li>Bloating</li>\r\n\t<li>Burping</li>\r\n\t<li>Nausea</li>\r\n\t<li>Wheezing, dry cough</li>\r\n\t<li>Unexplained weight loss</li>\r\n\t<li>Dysphagia</li>\r\n</ul>\r\n\r\n<p>Getting an Acidity Test in Gurgaon is the best way to keep track of your condition and take the necessary steps before it worsens.</p>\r\n\r\n<h3>Why Acidity Testing is important?</h3>\r\n\r\n<p>While acidity in itself is common and resolves fairly easily since there are many instant heartburn relief medications available, regular recurrence can indicate a more severe health issue as well as cause disruptions in daily life. Getting an acidity test in Gurgaon done in the early stages and then regularly following up with the doctor can help you take the necessary steps in improving or even resolving your condition.</p>\r\n\r\n<p>Some common risk factors of acidity or GERD are:</p>\r\n\r\n<ul>\r\n\t<li>Eating big meals or lying down immediately after a meal</li>\r\n\t<li>Being obese or overweight</li>\r\n\t<li>Snacking just before bedtime</li>\r\n\t<li>Eating specific food like citrus, tomato, chocolate, mint, garlic, onions, or spicy or fatty foods</li>\r\n\t<li>Drinking alcohol, caffeinated beverages</li>\r\n\t<li>Smoking</li>\r\n\t<li>Being pregnant</li>\r\n</ul>\r\n\r\n<p>Getting acidity Tests in Gurgaon is also important because severe heartburn can mimic the symptoms of heart attack. Regular health checkups keep you on top of your condition and help you take immediate action in case of emergency.</p>\r\n\r\n<h3>How Acidity Test is performed in Gurgaon?</h3>\r\n\r\n<p>A doctor usually diagnoses acidity by asking you about the symptoms, their frequency and intensity and may advise further tests. Once acidity is confirmed, a doctor may recommend further Acidity Tests to look for underlying causes or its impact. These may include blood tests like liver function test, lipid profile, homocysteine, etc.</p>\r\n\r\n<p>Early detection through an acidity test in Gurgaon can help you avoid many major conditions by taking necessary medications and implementing lifestyle changes.</p>"}}, {"model": "package.subcategory", "pk": 2, "fields": {"category": 1, "name": "Anger", "slug": "anger", "logo": "logos/logo.png", "shortdes": "", "description": "<p>Some symptoms that people with GERD may experience are:</p>\r\n\r\n<ul>\r\n\t<li>Heartburn</li>\r\n\t<li>Regurgitation</li>\r\n\t<li>Bloating</li>\r\n\t<li>Burping</li>\r\n\t<li>Nausea</li>\r\n\t<li>Wheezing, dry cough</li>\r\n\t<li>Unexplained weight loss</li>\r\n\t<li>Dysphagia</li>\r\n</ul>\r\n\r\n<p>Getting an Acidity Test in Gurgaon is the best way to keep track of your condition and take the necessary steps before it worsens.</p>\r\n\r\n<h3>Why Acidity Testing is important?</h3>\r\n\r\n<p>While acidity in itself is common and resolves fairly easily since there are many instant heartburn relief medications available, regular recurrence can indicate a more severe health issue as well as cause disruptions in daily life. Getting an acidity test in Gurgaon done in the early stages and then regularly following up with the doctor can help you take the necessary steps in improving or even resolving your condition.</p>\r\n\r\n<p>Some common risk factors of acidity or GERD are:</p>\r\n\r\n<ul>\r\n\t<li>Eating big meals or lying down immediately after a meal</li>\r\n\t<li>Being obese or overweight</li>\r\n\t<li>Snacking just before bedtime</li>\r\n\t<li>Eating specific food like citrus, tomato, chocolate, mint, garlic, onions, or spicy or fatty foods</li>\r\n\t<li>Drinking alcohol, caffeinated beverages</li>\r\n\t<li>Smoking</li>\r\n\t<li>Being pregnant</li>\r\n</ul>\r\n\r\n<p>Getting acidity Tests in Gurgaon is also important because severe heartburn can mimic the symptoms of heart attack. Regular health checkups keep you on top of your condition and help you take immediate action in case of emergency.</p>\r\n\r\n<h3>How Acidity Test is performed in Gurgaon?</h3>\r\n\r\n<p>A doctor usually diagnoses acidity by asking you about the symptoms, their frequency and intensity and may advise further tests. Once acidity is confirmed, a doctor may recommend further Acidity Tests to look for underlying causes or its impact. These may include blood tests like liver function test, lipid profile, homocysteine, etc.</p>\r\n\r\n<p>Early detection through an acidity test in Gurgaon can help you avoid many major conditions by taking necessary medications and implementing lifestyle changes.</p>"}}, {"model": "package.subcategory", "pk": 3, "fields": {"category": 1, "name": "Eating Poorly", "slug": "eating-poorly", "logo": "logos/logo.png", "shortdes": "", "description": "<p>Some symptoms that people with GERD may experience are:</p>\r\n\r\n<ul>\r\n\t<li>Heartburn</li>\r\n\t<li>Regurgitation</li>\r\n\t<li>Bloating</li>\r\n\t<li>Burping</li>\r\n\t<li>Nausea</li>\r\n\t<li>Wheezing, dry cough</li>\r\n\t<li>Unexplained weight loss</li>\r\n\t<li>Dysphagia</li>\r\n</ul>\r\n\r\n<p>Getting an Acidity Test in Gurgaon is the best way to keep track of your condition and take the necessary steps before it worsens.</p>\r\n\r\n<h3>Why Acidity Testing is important?</h3>\r\n\r\n<p>While acidity in itself is common and resolves fairly easily since there are many instant heartburn relief medications available, regular recurrence can indicate a more severe health issue as well as cause disruptions in daily life. Getting an acidity test in Gurgaon done in the early stages and then regularly following up with the doctor can help you take the necessary steps in improving or even resolving your condition.</p>\r\n\r\n<p>Some common risk factors of acidity or GERD are:</p>\r\n\r\n<ul>\r\n\t<li>Eating big meals or lying down immediately after a meal</li>\r\n\t<li>Being obese or overweight</li>\r\n\t<li>Snacking just before bedtime</li>\r\n\t<li>Eating specific food like citrus, tomato, chocolate, mint, garlic, onions, or spicy or fatty foods</li>\r\n\t<li>Drinking alcohol, caffeinated beverages</li>\r\n\t<li>Smoking</li>\r\n\t<li>Being pregnant</li>\r\n</ul>\r\n\r\n<p>Getting acidity Tests in Gurgaon is also important because severe heartburn can mimic the symptoms of heart attack. Regular health checkups keep you on top of your condition and help you take immediate action in case of emergency.</p>\r\n\r\n<h3>How Acidity Test is performed in Gurgaon?</h3>\r\n\r\n<p>A doctor usually diagnoses acidity by asking you about the symptoms, their frequency and intensity and may advise further tests. Once acidity is confirmed, a doctor may recommend further Acidity Tests to look for underlying causes or its impact. These may include blood tests like liver function test, lipid profile, homocysteine, etc.</p>\r\n\r\n<p>Early detection through an acidity test in Gurgaon can help you avoid many major conditions by taking necessary medications and implementing lifestyle changes.</p>"}}, {"model": "package.subcategory", "pk": 4, "fields": {"category": 1, "name": "Heartburn", "slug": "heartburn", "logo": "logos/logo.png", "shortdes": "", "description": "<p>Some symptoms that people with GERD may experience are:</p>\r\n\r\n<ul>\r\n\t<li>Heartburn</li>\r\n\t<li>Regurgitation</li>\r\n\t<li>Bloating</li>\r\n\t<li>Burping</li>\r\n\t<li>Nausea</li>\r\n\t<li>Wheezing, dry cough</li>\r\n\t<li>Unexplained weight loss</li>\r\n\t<li>Dysphagia</li>\r\n</ul>\r\n\r\n<p>Getting an Acidity Test in Gurgaon is the best way to keep track of your condition and take the necessary steps before it worsens.</p>\r\n\r\n<h3>Why Acidity Testing is important?</h3>\r\n\r\n<p>While acidity in itself is common and resolves fairly easily since there are many instant heartburn relief medications available, regular recurrence can indicate a more severe health issue as well as cause disruptions in daily life. Getting an acidity test in Gurgaon done in the early stages and then regularly following up with the doctor can help you take the necessary steps in improving or even resolving your condition.</p>\r\n\r\n<p>Some common risk factors of acidity or GERD are:</p>\r\n\r\n<ul>\r\n\t<li>Eating big meals or lying down immediately after a meal</li>\r\n\t<li>Being obese or overweight</li>\r\n\t<li>Snacking just before bedtime</li>\r\n\t<li>Eating specific food like citrus, tomato, chocolate, mint, garlic, onions, or spicy or fatty foods</li>\r\n\t<li>Drinking alcohol, caffeinated beverages</li>\r\n\t<li>Smoking</li>\r\n\t<li>Being pregnant</li>\r\n</ul>\r\n\r\n<p>Getting acidity Tests in Gurgaon is also important because severe heartburn can mimic the symptoms of heart attack. Regular health checkups keep you on top of your condition and help you take immediate action in case of emergency.</p>\r\n\r\n<h3>How Acidity Test is performed in Gurgaon?</h3>\r\n\r\n<p>A doctor usually diagnoses acidity by asking you about the symptoms, their frequency and intensity and may advise further tests. Once acidity is confirmed, a doctor may recommend further Acidity Tests to look for underlying causes or its impact. These may include blood tests like liver function test, lipid profile, homocysteine, etc.</p>\r\n\r\n<p>Early detection through an acidity test in Gurgaon can help you avoid many major conditions by taking necessary medications and implementing lifestyle changes.</p>"}}, {"model": "package.subcategory", "pk": 5, "fields": {"category": 1, "name": "Junk Food", "slug": "junk-food", "logo": "logos/logo.png", "shortdes": "", "description": "<p>Some symptoms that people with GERD may experience are:</p>\r\n\r\n<ul>\r\n\t<li>Heartburn</li>\r\n\t<li>Regurgitation</li>\r\n\t<li>Bloating</li>\r\n\t<li>Burping</li>\r\n\t<li>Nausea</li>\r\n\t<li>Wheezing, dry cough</li>\r\n\t<li>Unexplained weight loss</li>\r\n\t<li>Dysphagia</li>\r\n</ul>\r\n\r\n<p>Getting an Acidity Test in Gurgaon is the best way to keep track of your condition and take the necessary steps before it worsens.</p>\r\n\r\n<h3>Why Acidity Testing is important?</h3>\r\n\r\n<p>While acidity in itself is common and resolves fairly easily since there are many instant heartburn relief medications available, regular recurrence can indicate a more severe health issue as well as cause disruptions in daily life. Getting an acidity test in Gurgaon done in the early stages and then regularly following up with the doctor can help you take the necessary steps in improving or even resolving your condition.</p>\r\n\r\n<p>Some common risk factors of acidity or GERD are:</p>\r\n\r\n<ul>\r\n\t<li>Eating big meals or lying down immediately after a meal</li>\r\n\t<li>Being obese or overweight</li>\r\n\t<li>Snacking just before bedtime</li>\r\n\t<li>Eating specific food like citrus, tomato, chocolate, mint, garlic, onions, or spicy or fatty foods</li>\r\n\t<li>Drinking alcohol, caffeinated beverages</li>\r\n\t<li>Smoking</li>\r\n\t<li>Being pregnant</li>\r\n</ul>\r\n\r\n<p>Getting acidity Tests in Gurgaon is also important because severe heartburn can mimic the symptoms of heart attack. Regular health checkups keep you on top of your condition and help you take immediate action in case of emergency.</p>\r\n\r\n<h3>How Acidity Test is performed in Gurgaon?</h3>\r\n\r\n<p>A doctor usually diagnoses acidity by asking you about the symptoms, their frequency and intensity and may advise further tests. Once acidity is confirmed, a doctor may recommend further Acidity Tests to look for underlying causes or its impact. These may include blood tests like liver function test, lipid profile, homocysteine, etc.</p>\r\n\r\n<p>Early detection through an acidity test in Gurgaon can help you avoid many major conditions by taking necessary medications and implementing lifestyle changes.</p>"}}, {"model": "package.subcategory", "pk": 6, "fields": {"category": 1, "name": "Low Iron Diet", "slug": "low-iron-diet", "logo": "logos/logo.png", "shortdes": "", "description": "<p>Some symptoms that people with GERD may experience are:</p>\r\n\r\n<ul>\r\n\t<li>Heartburn</li>\r\n\t<li>Regurgitation</li>\r\n\t<li>Bloating</li>\r\n\t<li>Burping</li>\r\n\t<li>Nausea</li>\r\n\t<li>Wheezing, dry cough</li>\r\n\t<li>Unexplained weight loss</li>\r\n\t<li>Dysphagia</li>\r\n</ul>\r\n\r\n<p>Getting an Acidity Test in Gurgaon is the best way to keep track of your condition and take the necessary steps before it worsens.</p>\r\n\r\n<h3>Why Acidity Testing is important?</h3>\r\n\r\n<p>While acidity in itself is common and resolves fairly easily since there are many instant heartburn relief medications available, regular recurrence can indicate a more severe health issue as well as cause disruptions in daily life. Getting an acidity test in Gurgaon done in the early stages and then regularly following up with the doctor can help you take the necessary steps in improving or even resolving your condition.</p>\r\n\r\n<p>Some common risk factors of acidity or GERD are:</p>\r\n\r\n<ul>\r\n\t<li>Eating big meals or lying down immediately after a meal</li>\r\n\t<li>Being obese or overweight</li>\r\n\t<li>Snacking just before bedtime</li>\r\n\t<li>Eating specific food like citrus, tomato, chocolate, mint, garlic, onions, or spicy or fatty foods</li>\r\n\t<li>Drinking alcohol, caffeinated beverages</li>\r\n\t<li>Smoking</li>\r\n\t<li>Being pregnant</li>\r\n</ul>\r\n\r\n<p>Getting acidity Tests in Gurgaon is also important because severe heartburn can mimic the symptoms of heart attack. Regular health checkups keep you on top of your condition and help you take immediate action in case of emergency.</p>\r\n\r\n<h3>How Acidity Test is performed in Gurgaon?</h3>\r\n\r\n<p>A doctor usually diagnoses acidity by asking you about the symptoms, their frequency and intensity and may advise further tests. Once acidity is confirmed, a doctor may recommend further Acidity Tests to look for underlying causes or its impact. These may include blood tests like liver function test, lipid profile, homocysteine, etc.</p>\r\n\r\n<p>Early detection through an acidity test in Gurgaon can help you avoid many major conditions by taking necessary medications and implementing lifestyle changes.</p>"}}, {"model": "package.subcategory", "pk": 7, "fields": {"category": 1, "name": "Medicine Overuse", "slug": "medicine-overuse", "logo": "logos/logo.png", "shortdes": "", "description": "<p>Some symptoms that people with GERD may experience are:</p>\r\n\r\n<ul>\r\n\t<li>Heartburn</li>\r\n\t<li>Regurgitation</li>\r\n\t<li>Bloating</li>\r\n\t<li>Burping</li>\r\n\t<li>Nausea</li>\r\n\t<li>Wheezing, dry cough</li>\r\n\t<li>Unexplained weight loss</li>\r\n\t<li>Dysphagia</li>\r\n</ul>\r\n\r\n<p>Getting an Acidity Test in Gurgaon is the best way to keep track of your condition and take the necessary steps before it worsens.</p>\r\n\r\n<h3>Why Acidity Testing is important?</h3>\r\n\r\n<p>While acidity in itself is common and resolves fairly easily since there are many instant heartburn relief medications available, regular recurrence can indicate a more severe health issue as well as cause disruptions in daily life. Getting an acidity test in Gurgaon done in the early stages and then regularly following up with the doctor can help you take the necessary steps in improving or even resolving your condition.</p>\r\n\r\n<p>Some common risk factors of acidity or GERD are:</p>\r\n\r\n<ul>\r\n\t<li>Eating big meals or lying down immediately after a meal</li>\r\n\t<li>Being obese or overweight</li>\r\n\t<li>Snacking just before bedtime</li>\r\n\t<li>Eating specific food like citrus, tomato, chocolate, mint, garlic, onions, or spicy or fatty foods</li>\r\n\t<li>Drinking alcohol, caffeinated beverages</li>\r\n\t<li>Smoking</li>\r\n\t<li>Being pregnant</li>\r\n</ul>\r\n\r\n<p>Getting acidity Tests in Gurgaon is also important because severe heartburn can mimic the symptoms of heart attack. Regular health checkups keep you on top of your condition and help you take immediate action in case of emergency.</p>\r\n\r\n<h3>How Acidity Test is performed in Gurgaon?</h3>\r\n\r\n<p>A doctor usually diagnoses acidity by asking you about the symptoms, their frequency and intensity and may advise further tests. Once acidity is confirmed, a doctor may recommend further Acidity Tests to look for underlying causes or its impact. These may include blood tests like liver function test, lipid profile, homocysteine, etc.</p>\r\n\r\n<p>Early detection through an acidity test in Gurgaon can help you avoid many major conditions by taking necessary medications and implementing lifestyle changes.</p>"}}, {"model": "package.subcategory", "pk": 8, "fields": {"category": 1, "name": "Poor Nutrition", "slug": "poor-nutrition", "logo": "logos/logo.png", "shortdes": "", "description": "<p>Some symptoms that people with GERD may experience are:</p>\r\n\r\n<ul>\r\n\t<li>Heartburn</li>\r\n\t<li>Regurgitation</li>\r\n\t<li>Bloating</li>\r\n\t<li>Burping</li>\r\n\t<li>Nausea</li>\r\n\t<li>Wheezing, dry cough</li>\r\n\t<li>Unexplained weight loss</li>\r\n\t<li>Dysphagia</li>\r\n</ul>\r\n\r\n<p>Getting an Acidity Test in Gurgaon is the best way to keep track of your condition and take the necessary steps before it worsens.</p>\r\n\r\n<h3>Why Acidity Testing is important?</h3>\r\n\r\n<p>While acidity in itself is common and resolves fairly easily since there are many instant heartburn relief medications available, regular recurrence can indicate a more severe health issue as well as cause disruptions in daily life. Getting an acidity test in Gurgaon done in the early stages and then regularly following up with the doctor can help you take the necessary steps in improving or even resolving your condition.</p>\r\n\r\n<p>Some common risk factors of acidity or GERD are:</p>\r\n\r\n<ul>\r\n\t<li>Eating big meals or lying down immediately after a meal</li>\r\n\t<li>Being obese or overweight</li>\r\n\t<li>Snacking just before bedtime</li>\r\n\t<li>Eating specific food like citrus, tomato, chocolate, mint, garlic, onions, or spicy or fatty foods</li>\r\n\t<li>Drinking alcohol, caffeinated beverages</li>\r\n\t<li>Smoking</li>\r\n\t<li>Being pregnant</li>\r\n</ul>\r\n\r\n<p>Getting acidity Tests in Gurgaon is also important because severe heartburn can mimic the symptoms of heart attack. Regular health checkups keep you on top of your condition and help you take immediate action in case of emergency.</p>\r\n\r\n<h3>How Acidity Test is performed in Gurgaon?</h3>\r\n\r\n<p>A doctor usually diagnoses acidity by asking you about the symptoms, their frequency and intensity and may advise further tests. Once acidity is confirmed, a doctor may recommend further Acidity Tests to look for underlying causes or its impact. These may include blood tests like liver function test, lipid profile, homocysteine, etc.</p>\r\n\r\n<p>Early detection through an acidity test in Gurgaon can help you avoid many major conditions by taking necessary medications and implementing lifestyle changes.</p>"}}, {"model": "package.subcategory", "pk": 9, "fields": {"category": 1, "name": "Sleeplessness", "slug": "sleeplessness", "logo": "logos/logo.png", "shortdes": "", "description": "<p>Some symptoms that people with GERD may experience are:</p>\r\n\r\n<ul>\r\n\t<li>Heartburn</li>\r\n\t<li>Regurgitation</li>\r\n\t<li>Bloating</li>\r\n\t<li>Burping</li>\r\n\t<li>Nausea</li>\r\n\t<li>Wheezing, dry cough</li>\r\n\t<li>Unexplained weight loss</li>\r\n\t<li>Dysphagia</li>\r\n</ul>\r\n\r\n<p>Getting an Acidity Test in Gurgaon is the best way to keep track of your condition and take the necessary steps before it worsens.</p>\r\n\r\n<h3>Why Acidity Testing is important?</h3>\r\n\r\n<p>While acidity in itself is common and resolves fairly easily since there are many instant heartburn relief medications available, regular recurrence can indicate a more severe health issue as well as cause disruptions in daily life. Getting an acidity test in Gurgaon done in the early stages and then regularly following up with the doctor can help you take the necessary steps in improving or even resolving your condition.</p>\r\n\r\n<p>Some common risk factors of acidity or GERD are:</p>\r\n\r\n<ul>\r\n\t<li>Eating big meals or lying down immediately after a meal</li>\r\n\t<li>Being obese or overweight</li>\r\n\t<li>Snacking just before bedtime</li>\r\n\t<li>Eating specific food like citrus, tomato, chocolate, mint, garlic, onions, or spicy or fatty foods</li>\r\n\t<li>Drinking alcohol, caffeinated beverages</li>\r\n\t<li>Smoking</li>\r\n\t<li>Being pregnant</li>\r\n</ul>\r\n\r\n<p>Getting acidity Tests in Gurgaon is also important because severe heartburn can mimic the symptoms of heart attack. Regular health checkups keep you on top of your condition and help you take immediate action in case of emergency.</p>\r\n\r\n<h3>How Acidity Test is performed in Gurgaon?</h3>\r\n\r\n<p>A doctor usually diagnoses acidity by asking you about the symptoms, their frequency and intensity and may advise further tests. Once acidity is confirmed, a doctor may recommend further Acidity Tests to look for underlying causes or its impact. These may include blood tests like liver function test, lipid profile, homocysteine, etc.</p>\r\n\r\n<p>Early detection through an acidity test in Gurgaon can help you avoid many major conditions by taking necessary medications and implementing lifestyle changes.</p>"}}, {"model": "package.subcategory", "pk": 10, "fields": {"category": 1, "name": "Smoking", "slug": "smoking", "logo": "logos/logo.png", "shortdes": "", "description": "<p>Some symptoms that people with GERD may experience are:</p>\r\n\r\n<ul>\r\n\t<li>Heartburn</li>\r\n\t<li>Regurgitation</li>\r\n\t<li>Bloating</li>\r\n\t<li>Burping</li>\r\n\t<li>Nausea</li>\r\n\t<li>Wheezing, dry cough</li>\r\n\t<li>Unexplained weight loss</li>\r\n\t<li>Dysphagia</li>\r\n</ul>\r\n\r\n<p>Getting an Acidity Test in Gurgaon is the best way to keep track of your condition and take the necessary steps before it worsens.</p>\r\n\r\n<h3>Why Acidity Testing is important?</h3>\r\n\r\n<p>While acidity in itself is common and resolves fairly easily since there are many instant heartburn relief medications available, regular recurrence can indicate a more severe health issue as well as cause disruptions in daily life. Getting an acidity test in Gurgaon done in the early stages and then regularly following up with the doctor can help you take the necessary steps in improving or even resolving your condition.</p>\r\n\r\n<p>Some common risk factors of acidity or GERD are:</p>\r\n\r\n<ul>\r\n\t<li>Eating big meals or lying down immediately after a meal</li>\r\n\t<li>Being obese or overweight</li>\r\n\t<li>Snacking just before bedtime</li>\r\n\t<li>Eating specific food like citrus, tomato, chocolate, mint, garlic, onions, or spicy or fatty foods</li>\r\n\t<li>Drinking alcohol, caffeinated beverages</li>\r\n\t<li>Smoking</li>\r\n\t<li>Being pregnant</li>\r\n</ul>\r\n\r\n<p>Getting acidity Tests in Gurgaon is also important because severe heartburn can mimic the symptoms of heart attack. Regular health checkups keep you on top of your condition and help you take immediate action in case of emergency.</p>\r\n\r\n<h3>How Acidity Test is performed in Gurgaon?</h3>\r\n\r\n<p>A doctor usually diagnoses acidity by asking you about the symptoms, their frequency and intensity and may advise further tests. Once acidity is confirmed, a doctor may recommend further Acidity Tests to look for underlying causes or its impact. These may include blood tests like liver function test, lipid profile, homocysteine, etc.</p>\r\n\r\n<p>Early detection through an acidity test in Gurgaon can help you avoid many major conditions by taking necessary medications and implementing lifestyle changes.</p>"}}, {"model": "package.subcategory", "pk": 11, "fields": {"category": 1, "name": "Stress", "slug": "stress", "logo": "logos/logo.png", "shortdes": "", "description": "<p>Some symptoms that people with GERD may experience are:</p>\r\n\r\n<ul>\r\n\t<li>Heartburn</li>\r\n\t<li>Regurgitation</li>\r\n\t<li>Bloating</li>\r\n\t<li>Burping</li>\r\n\t<li>Nausea</li>\r\n\t<li>Wheezing, dry cough</li>\r\n\t<li>Unexplained weight loss</li>\r\n\t<li>Dysphagia</li>\r\n</ul>\r\n\r\n<p>Getting an Acidity Test in Gurgaon is the best way to keep track of your condition and take the necessary steps before it worsens.</p>\r\n\r\n<h3>Why Acidity Testing is important?</h3>\r\n\r\n<p>While acidity in itself is common and resolves fairly easily since there are many instant heartburn relief medications available, regular recurrence can indicate a more severe health issue as well as cause disruptions in daily life. Getting an acidity test in Gurgaon done in the early stages and then regularly following up with the doctor can help you take the necessary steps in improving or even resolving your condition.</p>\r\n\r\n<p>Some common risk factors of acidity or GERD are:</p>\r\n\r\n<ul>\r\n\t<li>Eating big meals or lying down immediately after a meal</li>\r\n\t<li>Being obese or overweight</li>\r\n\t<li>Snacking just before bedtime</li>\r\n\t<li>Eating specific food like citrus, tomato, chocolate, mint, garlic, onions, or spicy or fatty foods</li>\r\n\t<li>Drinking alcohol, caffeinated beverages</li>\r\n\t<li>Smoking</li>\r\n\t<li>Being pregnant</li>\r\n</ul>\r\n\r\n<p>Getting acidity Tests in Gurgaon is also important because severe heartburn can mimic the symptoms of heart attack. Regular health checkups keep you on top of your condition and help you take immediate action in case of emergency.</p>\r\n\r\n<h3>How Acidity Test is performed in Gurgaon?</h3>\r\n\r\n<p>A doctor usually diagnoses acidity by asking you about the symptoms, their frequency and intensity and may advise further tests. Once acidity is confirmed, a doctor may recommend further Acidity Tests to look for underlying causes or its impact. These may include blood tests like liver function test, lipid profile, homocysteine, etc.</p>\r\n\r\n<p>Early detection through an acidity test in Gurgaon can help you avoid many major conditions by taking necessary medications and implementing lifestyle changes.</p>"}}, {"model": "package.subcategory", "pk": 12, "fields": {"category": 1, "name": "Zero Exercise", "slug": "zero-exercise", "logo": "logos/logo.png", "shortdes": "", "description": "<p>Some symptoms that people with GERD may experience are:</p>\r\n\r\n<ul>\r\n\t<li>Heartburn</li>\r\n\t<li>Regurgitation</li>\r\n\t<li>Bloating</li>\r\n\t<li>Burping</li>\r\n\t<li>Nausea</li>\r\n\t<li>Wheezing, dry cough</li>\r\n\t<li>Unexplained weight loss</li>\r\n\t<li>Dysphagia</li>\r\n</ul>\r\n\r\n<p>Getting an Acidity Test in Gurgaon is the best way to keep track of your condition and take the necessary steps before it worsens.</p>\r\n\r\n<h3>Why Acidity Testing is important?</h3>\r\n\r\n<p>While acidity in itself is common and resolves fairly easily since there are many instant heartburn relief medications available, regular recurrence can indicate a more severe health issue as well as cause disruptions in daily life. Getting an acidity test in Gurgaon done in the early stages and then regularly following up with the doctor can help you take the necessary steps in improving or even resolving your condition.</p>\r\n\r\n<p>Some common risk factors of acidity or GERD are:</p>\r\n\r\n<ul>\r\n\t<li>Eating big meals or lying down immediately after a meal</li>\r\n\t<li>Being obese or overweight</li>\r\n\t<li>Snacking just before bedtime</li>\r\n\t<li>Eating specific food like citrus, tomato, chocolate, mint, garlic, onions, or spicy or fatty foods</li>\r\n\t<li>Drinking alcohol, caffeinated beverages</li>\r\n\t<li>Smoking</li>\r\n\t<li>Being pregnant</li>\r\n</ul>\r\n\r\n<p>Getting acidity Tests in Gurgaon is also important because severe heartburn can mimic the symptoms of heart attack. Regular health checkups keep you on top of your condition and help you take immediate action in case of emergency.</p>\r\n\r\n<h3>How Acidity Test is performed in Gurgaon?</h3>\r\n\r\n<p>A doctor usually diagnoses acidity by asking you about the symptoms, their frequency and intensity and may advise further tests. Once acidity is confirmed, a doctor may recommend further Acidity Tests to look for underlying causes or its impact. These may include blood tests like liver function test, lipid profile, homocysteine, etc.</p>\r\n\r\n<p>Early detection through an acidity test in Gurgaon can help you avoid many major conditions by taking necessary medications and implementing lifestyle changes.</p>"}}, {"model": "package.subcategory", "pk": 13, "fields": {"category": 2, "name": "Acidity", "slug": "acidity", "logo": "logos/logo.png", "shortdes": "", "description": "<p>Some symptoms that people with GERD may experience are:</p>\r\n\r\n<ul>\r\n\t<li>Heartburn</li>\r\n\t<li>Regurgitation</li>\r\n\t<li>Bloating</li>\r\n\t<li>Burping</li>\r\n\t<li>Nausea</li>\r\n\t<li>Wheezing, dry cough</li>\r\n\t<li>Unexplained weight loss</li>\r\n\t<li>Dysphagia</li>\r\n</ul>\r\n\r\n<p>Getting an Acidity Test in Gurgaon is the best way to keep track of your condition and take the necessary steps before it worsens.</p>\r\n\r\n<h3>Why Acidity Testing is important?</h3>\r\n\r\n<p>While acidity in itself is common and resolves fairly easily since there are many instant heartburn relief medications available, regular recurrence can indicate a more severe health issue as well as cause disruptions in daily life. Getting an acidity test in Gurgaon done in the early stages and then regularly following up with the doctor can help you take the necessary steps in improving or even resolving your condition.</p>\r\n\r\n<p>Some common risk factors of acidity or GERD are:</p>\r\n\r\n<ul>\r\n\t<li>Eating big meals or lying down immediately after a meal</li>\r\n\t<li>Being obese or overweight</li>\r\n\t<li>Snacking just before bedtime</li>\r\n\t<li>Eating specific food like citrus, tomato, chocolate, mint, garlic, onions, or spicy or fatty foods</li>\r\n\t<li>Drinking alcohol, caffeinated beverages</li>\r\n\t<li>Smoking</li>\r\n\t<li>Being pregnant</li>\r\n</ul>\r\n\r\n<p>Getting acidity Tests in Gurgaon is also important because severe heartburn can mimic the symptoms of heart attack. Regular health checkups keep you on top of your condition and help you take immediate action in case of emergency.</p>\r\n\r\n<h3>How Acidity Test is performed in Gurgaon?</h3>\r\n\r\n<p>A doctor usually diagnoses acidity by asking you about the symptoms, their frequency and intensity and may advise further tests. Once acidity is confirmed, a doctor may recommend further Acidity Tests to look for underlying causes or its impact. These may include blood tests like liver function test, lipid profile, homocysteine, etc.</p>\r\n\r\n<p>Early detection through an acidity test in Gurgaon can help you avoid many major conditions by taking necessary medications and implementing lifestyle changes.</p>"}}, {"model": "package.subcategory", "pk": 14, "fields": {"category": 2, "name": "Allergy", "slug": "allergy", "logo": "logos/logo.png", "shortdes": "", "description": "<p>Some symptoms that people with GERD may experience are:</p>\r\n\r\n<ul>\r\n\t<li>Heartburn</li>\r\n\t<li>Regurgitation</li>\r\n\t<li>Bloating</li>\r\n\t<li>Burping</li>\r\n\t<li>Nausea</li>\r\n\t<li>Wheezing, dry cough</li>\r\n\t<li>Unexplained weight loss</li>\r\n\t<li>Dysphagia</li>\r\n</ul>\r\n\r\n<p>Getting an Acidity Test in Gurgaon is the best way to keep track of your condition and take the necessary steps before it worsens.</p>\r\n\r\n<h3>Why Acidity Testing is important?</h3>\r\n\r\n<p>While acidity in itself is common and resolves fairly easily since there are many instant heartburn relief medications available, regular recurrence can indicate a more severe health issue as well as cause disruptions in daily life. Getting an acidity test in Gurgaon done in the early stages and then regularly following up with the doctor can help you take the necessary steps in improving or even resolving your condition.</p>\r\n\r\n<p>Some common risk factors of acidity or GERD are:</p>\r\n\r\n<ul>\r\n\t<li>Eating big meals or lying down immediately after a meal</li>\r\n\t<li>Being obese or overweight</li>\r\n\t<li>Snacking just before bedtime</li>\r\n\t<li>Eating specific food like citrus, tomato, chocolate, mint, garlic, onions, or spicy or fatty foods</li>\r\n\t<li>Drinking alcohol, caffeinated beverages</li>\r\n\t<li>Smoking</li>\r\n\t<li>Being pregnant</li>\r\n</ul>\r\n\r\n<p>Getting acidity Tests in Gurgaon is also important because severe heartburn can mimic the symptoms of heart attack. Regular health checkups keep you on top of your condition and help you take immediate action in case of emergency.</p>\r\n\r\n<h3>How Acidity Test is performed in Gurgaon?</h3>\r\n\r\n<p>A doctor usually diagnoses acidity by asking you about the symptoms, their frequency and intensity and may advise further tests. Once acidity is confirmed, a doctor may recommend further Acidity Tests to look for underlying causes or its impact. These may include blood tests like liver function test, lipid profile, homocysteine, etc.</p>\r\n\r\n<p>Early detection through an acidity test in Gurgaon can help you avoid many major conditions by taking necessary medications and implementing lifestyle changes.</p>"}}, {"model": "package.subcategory", "pk": 15, "fields": {"category": 2, "name": "Anaemia", "slug": "anaemia", "logo": "logos/logo.png", "shortdes": "", "description": "<p>Some symptoms that people with GERD may experience are:</p>\r\n\r\n<ul>\r\n\t<li>Heartburn</li>\r\n\t<li>Regurgitation</li>\r\n\t<li>Bloating</li>\r\n\t<li>Burping</li>\r\n\t<li>Nausea</li>\r\n\t<li>Wheezing, dry cough</li>\r\n\t<li>Unexplained weight loss</li>\r\n\t<li>Dysphagia</li>\r\n</ul>\r\n\r\n<p>Getting an Acidity Test in Gurgaon is the best way to keep track of your condition and take the necessary steps before it worsens.</p>\r\n\r\n<h3>Why Acidity Testing is important?</h3>\r\n\r\n<p>While acidity in itself is common and resolves fairly easily since there are many instant heartburn relief medications available, regular recurrence can indicate a more severe health issue as well as cause disruptions in daily life. Getting an acidity test in Gurgaon done in the early stages and then regularly following up with the doctor can help you take the necessary steps in improving or even resolving your condition.</p>\r\n\r\n<p>Some common risk factors of acidity or GERD are:</p>\r\n\r\n<ul>\r\n\t<li>Eating big meals or lying down immediately after a meal</li>\r\n\t<li>Being obese or overweight</li>\r\n\t<li>Snacking just before bedtime</li>\r\n\t<li>Eating specific food like citrus, tomato, chocolate, mint, garlic, onions, or spicy or fatty foods</li>\r\n\t<li>Drinking alcohol, caffeinated beverages</li>\r\n\t<li>Smoking</li>\r\n\t<li>Being pregnant</li>\r\n</ul>\r\n\r\n<p>Getting acidity Tests in Gurgaon is also important because severe heartburn can mimic the symptoms of heart attack. Regular health checkups keep you on top of your condition and help you take immediate action in case of emergency.</p>\r\n\r\n<h3>How Acidity Test is performed in Gurgaon?</h3>\r\n\r\n<p>A doctor usually diagnoses acidity by asking you about the symptoms, their frequency and intensity and may advise further tests. Once acidity is confirmed, a doctor may recommend further Acidity Tests to look for underlying causes or its impact. These may include blood tests like liver function test, lipid profile, homocysteine, etc.</p>\r\n\r\n<p>Early detection through an acidity test in Gurgaon can help you avoid many major conditions by taking necessary medications and implementing lifestyle changes.</p>"}}, {"model": "package.subcategory", "pk": 16, "fields": {"category": 2, "name": "Arthritis", "slug": "arthritis", "logo": "logos/logo.png", "shortdes": "", "description": "<p>Some symptoms that people with GERD may experience are:</p>\r\n\r\n<ul>\r\n\t<li>Heartburn</li>\r\n\t<li>Regurgitation</li>\r\n\t<li>Bloating</li>\r\n\t<li>Burping</li>\r\n\t<li>Nausea</li>\r\n\t<li>Wheezing, dry cough</li>\r\n\t<li>Unexplained weight loss</li>\r\n\t<li>Dysphagia</li>\r\n</ul>\r\n\r\n<p>Getting an Acidity Test in Gurgaon is the best way to keep track of your condition and take the necessary steps before it worsens.</p>\r\n\r\n<h3>Why Acidity Testing is important?</h3>\r\n\r\n<p>While acidity in itself is common and resolves fairly easily since there are many instant heartburn relief medications available, regular recurrence can indicate a more severe health issue as well as cause disruptions in daily life. Getting an acidity test in Gurgaon done in the early stages and then regularly following up with the doctor can help you take the necessary steps in improving or even resolving your condition.</p>\r\n\r\n<p>Some common risk factors of acidity or GERD are:</p>\r\n\r\n<ul>\r\n\t<li>Eating big meals or lying down immediately after a meal</li>\r\n\t<li>Being obese or overweight</li>\r\n\t<li>Snacking just before bedtime</li>\r\n\t<li>Eating specific food like citrus, tomato, chocolate, mint, garlic, onions, or spicy or fatty foods</li>\r\n\t<li>Drinking alcohol, caffeinated beverages</li>\r\n\t<li>Smoking</li>\r\n\t<li>Being pregnant</li>\r\n</ul>\r\n\r\n<p>Getting acidity Tests in Gurgaon is also important because severe heartburn can mimic the symptoms of heart attack. Regular health checkups keep you on top of your condition and help you take immediate action in case of emergency.</p>\r\n\r\n<h3>How Acidity Test is performed in Gurgaon?</h3>\r\n\r\n<p>A doctor usually diagnoses acidity by asking you about the symptoms, their frequency and intensity and may advise further tests. Once acidity is confirmed, a doctor may recommend further Acidity Tests to look for underlying causes or its impact. These may include blood tests like liver function test, lipid profile, homocysteine, etc.</p>\r\n\r\n<p>Early detection through an acidity test in Gurgaon can help you avoid many major conditions by taking necessary medications and implementing lifestyle changes.</p>"}}, {"model": "package.subcategory", "pk": 17, "fields": {"category": 2, "name": "Bone", "slug": "bone", "logo": "logos/logo.png", "shortdes": "", "description": "<p>Some symptoms that people with GERD may experience are:</p>\r\n\r\n<ul>\r\n\t<li>Heartburn</li>\r\n\t<li>Regurgitation</li>\r\n\t<li>Bloating</li>\r\n\t<li>Burping</li>\r\n\t<li>Nausea</li>\r\n\t<li>Wheezing, dry cough</li>\r\n\t<li>Unexplained weight loss</li>\r\n\t<li>Dysphagia</li>\r\n</ul>\r\n\r\n<p>Getting an Acidity Test in Gurgaon is the best way to keep track of your condition and take the necessary steps before it worsens.</p>\r\n\r\n<h3>Why Acidity Testing is important?</h3>\r\n\r\n<p>While acidity in itself is common and resolves fairly easily since there are many instant heartburn relief medications available, regular recurrence can indicate a more severe health issue as well as cause disruptions in daily life. Getting an acidity test in Gurgaon done in the early stages and then regularly following up with the doctor can help you take the necessary steps in improving or even resolving your condition.</p>\r\n\r\n<p>Some common risk factors of acidity or GERD are:</p>\r\n\r\n<ul>\r\n\t<li>Eating big meals or lying down immediately after a meal</li>\r\n\t<li>Being obese or overweight</li>\r\n\t<li>Snacking just before bedtime</li>\r\n\t<li>Eating specific food like citrus, tomato, chocolate, mint, garlic, onions, or spicy or fatty foods</li>\r\n\t<li>Drinking alcohol, caffeinated beverages</li>\r\n\t<li>Smoking</li>\r\n\t<li>Being pregnant</li>\r\n</ul>\r\n\r\n<p>Getting acidity Tests in Gurgaon is also important because severe heartburn can mimic the symptoms of heart attack. Regular health checkups keep you on top of your condition and help you take immediate action in case of emergency.</p>\r\n\r\n<h3>How Acidity Test is performed in Gurgaon?</h3>\r\n\r\n<p>A doctor usually diagnoses acidity by asking you about the symptoms, their frequency and intensity and may advise further tests. Once acidity is confirmed, a doctor may recommend further Acidity Tests to look for underlying causes or its impact. These may include blood tests like liver function test, lipid profile, homocysteine, etc.</p>\r\n\r\n<p>Early detection through an acidity test in Gurgaon can help you avoid many major conditions by taking necessary medications and implementing lifestyle changes.</p>"}}, {"model": "package.subcategory", "pk": 18, "fields": {"category": 2, "name": "Cancer", "slug": "cancer", "logo": "logos/logo.png", "shortdes": "", "description": "<p>Some symptoms that people with GERD may experience are:</p>\r\n\r\n<ul>\r\n\t<li>Heartburn</li>\r\n\t<li>Regurgitation</li>\r\n\t<li>Bloating</li>\r\n\t<li>Burping</li>\r\n\t<li>Nausea</li>\r\n\t<li>Wheezing, dry cough</li>\r\n\t<li>Unexplained weight loss</li>\r\n\t<li>Dysphagia</li>\r\n</ul>\r\n\r\n<p>Getting an Acidity Test in Gurgaon is the best way to keep track of your condition and take the necessary steps before it worsens.</p>\r\n\r\n<h3>Why Acidity Testing is important?</h3>\r\n\r\n<p>While acidity in itself is common and resolves fairly easily since there are many instant heartburn relief medications available, regular recurrence can indicate a more severe health issue as well as cause disruptions in daily life. Getting an acidity test in Gurgaon done in the early stages and then regularly following up with the doctor can help you take the necessary steps in improving or even resolving your condition.</p>\r\n\r\n<p>Some common risk factors of acidity or GERD are:</p>\r\n\r\n<ul>\r\n\t<li>Eating big meals or lying down immediately after a meal</li>\r\n\t<li>Being obese or overweight</li>\r\n\t<li>Snacking just before bedtime</li>\r\n\t<li>Eating specific food like citrus, tomato, chocolate, mint, garlic, onions, or spicy or fatty foods</li>\r\n\t<li>Drinking alcohol, caffeinated beverages</li>\r\n\t<li>Smoking</li>\r\n\t<li>Being pregnant</li>\r\n</ul>\r\n\r\n<p>Getting acidity Tests in Gurgaon is also important because severe heartburn can mimic the symptoms of heart attack. Regular health checkups keep you on top of your condition and help you take immediate action in case of emergency.</p>\r\n\r\n<h3>How Acidity Test is performed in Gurgaon?</h3>\r\n\r\n<p>A doctor usually diagnoses acidity by asking you about the symptoms, their frequency and intensity and may advise further tests. Once acidity is confirmed, a doctor may recommend further Acidity Tests to look for underlying causes or its impact. These may include blood tests like liver function test, lipid profile, homocysteine, etc.</p>\r\n\r\n<p>Early detection through an acidity test in Gurgaon can help you avoid many major conditions by taking necessary medications and implementing lifestyle changes.</p>"}}, {"model": "package.subcategory", "pk": 19, "fields": {"category": 2, "name": "Diabetes", "slug": "diabetes", "logo": "logos/logo.png", "shortdes": "", "description": "<p>Some symptoms that people with GERD may experience are:</p>\r\n\r\n<ul>\r\n\t<li>Heartburn</li>\r\n\t<li>Regurgitation</li>\r\n\t<li>Bloating</li>\r\n\t<li>Burping</li>\r\n\t<li>Nausea</li>\r\n\t<li>Wheezing, dry cough</li>\r\n\t<li>Unexplained weight loss</li>\r\n\t<li>Dysphagia</li>\r\n</ul>\r\n\r\n<p>Getting an Acidity Test in Gurgaon is the best way to keep track of your condition and take the necessary steps before it worsens.</p>\r\n\r\n<h3>Why Acidity Testing is important?</h3>\r\n\r\n<p>While acidity in itself is common and resolves fairly easily since there are many instant heartburn relief medications available, regular recurrence can indicate a more severe health issue as well as cause disruptions in daily life. Getting an acidity test in Gurgaon done in the early stages and then regularly following up with the doctor can help you take the necessary steps in improving or even resolving your condition.</p>\r\n\r\n<p>Some common risk factors of acidity or GERD are:</p>\r\n\r\n<ul>\r\n\t<li>Eating big meals or lying down immediately after a meal</li>\r\n\t<li>Being obese or overweight</li>\r\n\t<li>Snacking just before bedtime</li>\r\n\t<li>Eating specific food like citrus, tomato, chocolate, mint, garlic, onions, or spicy or fatty foods</li>\r\n\t<li>Drinking alcohol, caffeinated beverages</li>\r\n\t<li>Smoking</li>\r\n\t<li>Being pregnant</li>\r\n</ul>\r\n\r\n<p>Getting acidity Tests in Gurgaon is also important because severe heartburn can mimic the symptoms of heart attack. Regular health checkups keep you on top of your condition and help you take immediate action in case of emergency.</p>\r\n\r\n<h3>How Acidity Test is performed in Gurgaon?</h3>\r\n\r\n<p>A doctor usually diagnoses acidity by asking you about the symptoms, their frequency and intensity and may advise further tests. Once acidity is confirmed, a doctor may recommend further Acidity Tests to look for underlying causes or its impact. These may include blood tests like liver function test, lipid profile, homocysteine, etc.</p>\r\n\r\n<p>Early detection through an acidity test in Gurgaon can help you avoid many major conditions by taking necessary medications and implementing lifestyle changes.</p>"}}, {"model": "package.subcategory", "pk": 20, "fields": {"category": 2, "name": "Digestion", "slug": "digestion", "logo": "logos/logo.png", "shortdes": "", "description": "<p>Some symptoms that people with GERD may experience are:</p>\r\n\r\n<ul>\r\n\t<li>Heartburn</li>\r\n\t<li>Regurgitation</li>\r\n\t<li>Bloating</li>\r\n\t<li>Burping</li>\r\n\t<li>Nausea</li>\r\n\t<li>Wheezing, dry cough</li>\r\n\t<li>Unexplained weight loss</li>\r\n\t<li>Dysphagia</li>\r\n</ul>\r\n\r\n<p>Getting an Acidity Test in Gurgaon is the best way to keep track of your condition and take the necessary steps before it worsens.</p>\r\n\r\n<h3>Why Acidity Testing is important?</h3>\r\n\r\n<p>While acidity in itself is common and resolves fairly easily since there are many instant heartburn relief medications available, regular recurrence can indicate a more severe health issue as well as cause disruptions in daily life. Getting an acidity test in Gurgaon done in the early stages and then regularly following up with the doctor can help you take the necessary steps in improving or even resolving your condition.</p>\r\n\r\n<p>Some common risk factors of acidity or GERD are:</p>\r\n\r\n<ul>\r\n\t<li>Eating big meals or lying down immediately after a meal</li>\r\n\t<li>Being obese or overweight</li>\r\n\t<li>Snacking just before bedtime</li>\r\n\t<li>Eating specific food like citrus, tomato, chocolate, mint, garlic, onions, or spicy or fatty foods</li>\r\n\t<li>Drinking alcohol, caffeinated beverages</li>\r\n\t<li>Smoking</li>\r\n\t<li>Being pregnant</li>\r\n</ul>\r\n\r\n<p>Getting acidity Tests in Gurgaon is also important because severe heartburn can mimic the symptoms of heart attack. Regular health checkups keep you on top of your condition and help you take immediate action in case of emergency.</p>\r\n\r\n<h3>How Acidity Test is performed in Gurgaon?</h3>\r\n\r\n<p>A doctor usually diagnoses acidity by asking you about the symptoms, their frequency and intensity and may advise further tests. Once acidity is confirmed, a doctor may recommend further Acidity Tests to look for underlying causes or its impact. These may include blood tests like liver function test, lipid profile, homocysteine, etc.</p>\r\n\r\n<p>Early detection through an acidity test in Gurgaon can help you avoid many major conditions by taking necessary medications and implementing lifestyle changes.</p>"}}, {"model": "package.subcategory", "pk": 21, "fields": {"category": 2, "name": "Fatigue", "slug": "fatigue", "logo": "logos/logo.png", "shortdes": "", "description": "<p>Some symptoms that people with GERD may experience are:</p>\r\n\r\n<ul>\r\n\t<li>Heartburn</li>\r\n\t<li>Regurgitation</li>\r\n\t<li>Bloating</li>\r\n\t<li>Burping</li>\r\n\t<li>Nausea</li>\r\n\t<li>Wheezing, dry cough</li>\r\n\t<li>Unexplained weight loss</li>\r\n\t<li>Dysphagia</li>\r\n</ul>\r\n\r\n<p>Getting an Acidity Test in Gurgaon is the best way to keep track of your condition and take the necessary steps before it worsens.</p>\r\n\r\n<h3>Why Acidity Testing is important?</h3>\r\n\r\n<p>While acidity in itself is common and resolves fairly easily since there are many instant heartburn relief medications available, regular recurrence can indicate a more severe health issue as well as cause disruptions in daily life. Getting an acidity test in Gurgaon done in the early stages and then regularly following up with the doctor can help you take the necessary steps in improving or even resolving your condition.</p>\r\n\r\n<p>Some common risk factors of acidity or GERD are:</p>\r\n\r\n<ul>\r\n\t<li>Eating big meals or lying down immediately after a meal</li>\r\n\t<li>Being obese or overweight</li>\r\n\t<li>Snacking just before bedtime</li>\r\n\t<li>Eating specific food like citrus, tomato, chocolate, mint, garlic, onions, or spicy or fatty foods</li>\r\n\t<li>Drinking alcohol, caffeinated beverages</li>\r\n\t<li>Smoking</li>\r\n\t<li>Being pregnant</li>\r\n</ul>\r\n\r\n<p>Getting acidity Tests in Gurgaon is also important because severe heartburn can mimic the symptoms of heart attack. Regular health checkups keep you on top of your condition and help you take immediate action in case of emergency.</p>\r\n\r\n<h3>How Acidity Test is performed in Gurgaon?</h3>\r\n\r\n<p>A doctor usually diagnoses acidity by asking you about the symptoms, their frequency and intensity and may advise further tests. Once acidity is confirmed, a doctor may recommend further Acidity Tests to look for underlying causes or its impact. These may include blood tests like liver function test, lipid profile, homocysteine, etc.</p>\r\n\r\n<p>Early detection through an acidity test in Gurgaon can help you avoid many major conditions by taking necessary medications and implementing lifestyle changes.</p>"}}, {"model": "package.subcategory", "pk": 22, "fields": {"category": 2, "name": "Fever", "slug": "fever", "logo": "logos/logo.png", "shortdes": "", "description": "<p>Some symptoms that people with GERD may experience are:</p>\r\n\r\n<ul>\r\n\t<li>Heartburn</li>\r\n\t<li>Regurgitation</li>\r\n\t<li>Bloating</li>\r\n\t<li>Burping</li>\r\n\t<li>Nausea</li>\r\n\t<li>Wheezing, dry cough</li>\r\n\t<li>Unexplained weight loss</li>\r\n\t<li>Dysphagia</li>\r\n</ul>\r\n\r\n<p>Getting an Acidity Test in Gurgaon is the best way to keep track of your condition and take the necessary steps before it worsens.</p>\r\n\r\n<h3>Why Acidity Testing is important?</h3>\r\n\r\n<p>While acidity in itself is common and resolves fairly easily since there are many instant heartburn relief medications available, regular recurrence can indicate a more severe health issue as well as cause disruptions in daily life. Getting an acidity test in Gurgaon done in the early stages and then regularly following up with the doctor can help you take the necessary steps in improving or even resolving your condition.</p>\r\n\r\n<p>Some common risk factors of acidity or GERD are:</p>\r\n\r\n<ul>\r\n\t<li>Eating big meals or lying down immediately after a meal</li>\r\n\t<li>Being obese or overweight</li>\r\n\t<li>Snacking just before bedtime</li>\r\n\t<li>Eating specific food like citrus, tomato, chocolate, mint, garlic, onions, or spicy or fatty foods</li>\r\n\t<li>Drinking alcohol, caffeinated beverages</li>\r\n\t<li>Smoking</li>\r\n\t<li>Being pregnant</li>\r\n</ul>\r\n\r\n<p>Getting acidity Tests in Gurgaon is also important because severe heartburn can mimic the symptoms of heart attack. Regular health checkups keep you on top of your condition and help you take immediate action in case of emergency.</p>\r\n\r\n<h3>How Acidity Test is performed in Gurgaon?</h3>\r\n\r\n<p>A doctor usually diagnoses acidity by asking you about the symptoms, their frequency and intensity and may advise further tests. Once acidity is confirmed, a doctor may recommend further Acidity Tests to look for underlying causes or its impact. These may include blood tests like liver function test, lipid profile, homocysteine, etc.</p>\r\n\r\n<p>Early detection through an acidity test in Gurgaon can help you avoid many major conditions by taking necessary medications and implementing lifestyle changes.</p>"}}, {"model": "package.subcategory", "pk": 23, "fields": {"category": 2, "name": "Heart", "slug": "heart", "logo": "logos/logo.png", "shortdes": "", "description": "<p>Some symptoms that people with GERD may experience are:</p>\r\n\r\n<ul>\r\n\t<li>Heartburn</li>\r\n\t<li>Regurgitation</li>\r\n\t<li>Bloating</li>\r\n\t<li>Burping</li>\r\n\t<li>Nausea</li>\r\n\t<li>Wheezing, dry cough</li>\r\n\t<li>Unexplained weight loss</li>\r\n\t<li>Dysphagia</li>\r\n</ul>\r\n\r\n<p>Getting an Acidity Test in Gurgaon is the best way to keep track of your condition and take the necessary steps before it worsens.</p>\r\n\r\n<h3>Why Acidity Testing is important?</h3>\r\n\r\n<p>While acidity in itself is common and resolves fairly easily since there are many instant heartburn relief medications available, regular recurrence can indicate a more severe health issue as well as cause disruptions in daily life. Getting an acidity test in Gurgaon done in the early stages and then regularly following up with the doctor can help you take the necessary steps in improving or even resolving your condition.</p>\r\n\r\n<p>Some common risk factors of acidity or GERD are:</p>\r\n\r\n<ul>\r\n\t<li>Eating big meals or lying down immediately after a meal</li>\r\n\t<li>Being obese or overweight</li>\r\n\t<li>Snacking just before bedtime</li>\r\n\t<li>Eating specific food like citrus, tomato, chocolate, mint, garlic, onions, or spicy or fatty foods</li>\r\n\t<li>Drinking alcohol, caffeinated beverages</li>\r\n\t<li>Smoking</li>\r\n\t<li>Being pregnant</li>\r\n</ul>\r\n\r\n<p>Getting acidity Tests in Gurgaon is also important because severe heartburn can mimic the symptoms of heart attack. Regular health checkups keep you on top of your condition and help you take immediate action in case of emergency.</p>\r\n\r\n<h3>How Acidity Test is performed in Gurgaon?</h3>\r\n\r\n<p>A doctor usually diagnoses acidity by asking you about the symptoms, their frequency and intensity and may advise further tests. Once acidity is confirmed, a doctor may recommend further Acidity Tests to look for underlying causes or its impact. These may include blood tests like liver function test, lipid profile, homocysteine, etc.</p>\r\n\r\n<p>Early detection through an acidity test in Gurgaon can help you avoid many major conditions by taking necessary medications and implementing lifestyle changes.</p>"}}, {"model": "package.subcategory", "pk": 24, "fields": {"category": 2, "name": "Hepatitis", "slug": "hepatitis", "logo": "logos/logo.png", "shortdes": "", "description": "<p>Some symptoms that people with GERD may experience are:</p>\r\n\r\n<ul>\r\n\t<li>Heartburn</li>\r\n\t<li>Regurgitation</li>\r\n\t<li>Bloating</li>\r\n\t<li>Burping</li>\r\n\t<li>Nausea</li>\r\n\t<li>Wheezing, dry cough</li>\r\n\t<li>Unexplained weight loss</li>\r\n\t<li>Dysphagia</li>\r\n</ul>\r\n\r\n<p>Getting an Acidity Test in Gurgaon is the best way to keep track of your condition and take the necessary steps before it worsens.</p>\r\n\r\n<h3>Why Acidity Testing is important?</h3>\r\n\r\n<p>While acidity in itself is common and resolves fairly easily since there are many instant heartburn relief medications available, regular recurrence can indicate a more severe health issue as well as cause disruptions in daily life. Getting an acidity test in Gurgaon done in the early stages and then regularly following up with the doctor can help you take the necessary steps in improving or even resolving your condition.</p>\r\n\r\n<p>Some common risk factors of acidity or GERD are:</p>\r\n\r\n<ul>\r\n\t<li>Eating big meals or lying down immediately after a meal</li>\r\n\t<li>Being obese or overweight</li>\r\n\t<li>Snacking just before bedtime</li>\r\n\t<li>Eating specific food like citrus, tomato, chocolate, mint, garlic, onions, or spicy or fatty foods</li>\r\n\t<li>Drinking alcohol, caffeinated beverages</li>\r\n\t<li>Smoking</li>\r\n\t<li>Being pregnant</li>\r\n</ul>\r\n\r\n<p>Getting acidity Tests in Gurgaon is also important because severe heartburn can mimic the symptoms of heart attack. Regular health checkups keep you on top of your condition and help you take immediate action in case of emergency.</p>\r\n\r\n<h3>How Acidity Test is performed in Gurgaon?</h3>\r\n\r\n<p>A doctor usually diagnoses acidity by asking you about the symptoms, their frequency and intensity and may advise further tests. Once acidity is confirmed, a doctor may recommend further Acidity Tests to look for underlying causes or its impact. These may include blood tests like liver function test, lipid profile, homocysteine, etc.</p>\r\n\r\n<p>Early detection through an acidity test in Gurgaon can help you avoid many major conditions by taking necessary medications and implementing lifestyle changes.</p>"}}, {"model": "package.subcategory", "pk": 25, "fields": {"category": 2, "name": "Hormones", "slug": "hormones", "logo": "logos/logo.png", "shortdes": "", "description": "<p>Some symptoms that people with GERD may experience are:</p>\r\n\r\n<ul>\r\n\t<li>Heartburn</li>\r\n\t<li>Regurgitation</li>\r\n\t<li>Bloating</li>\r\n\t<li>Burping</li>\r\n\t<li>Nausea</li>\r\n\t<li>Wheezing, dry cough</li>\r\n\t<li>Unexplained weight loss</li>\r\n\t<li>Dysphagia</li>\r\n</ul>\r\n\r\n<p>Getting an Acidity Test in Gurgaon is the best way to keep track of your condition and take the necessary steps before it worsens.</p>\r\n\r\n<h3>Why Acidity Testing is important?</h3>\r\n\r\n<p>While acidity in itself is common and resolves fairly easily since there are many instant heartburn relief medications available, regular recurrence can indicate a more severe health issue as well as cause disruptions in daily life. Getting an acidity test in Gurgaon done in the early stages and then regularly following up with the doctor can help you take the necessary steps in improving or even resolving your condition.</p>\r\n\r\n<p>Some common risk factors of acidity or GERD are:</p>\r\n\r\n<ul>\r\n\t<li>Eating big meals or lying down immediately after a meal</li>\r\n\t<li>Being obese or overweight</li>\r\n\t<li>Snacking just before bedtime</li>\r\n\t<li>Eating specific food like citrus, tomato, chocolate, mint, garlic, onions, or spicy or fatty foods</li>\r\n\t<li>Drinking alcohol, caffeinated beverages</li>\r\n\t<li>Smoking</li>\r\n\t<li>Being pregnant</li>\r\n</ul>\r\n\r\n<p>Getting acidity Tests in Gurgaon is also important because severe heartburn can mimic the symptoms of heart attack. Regular health checkups keep you on top of your condition and help you take immediate action in case of emergency.</p>\r\n\r\n<h3>How Acidity Test is performed in Gurgaon?</h3>\r\n\r\n<p>A doctor usually diagnoses acidity by asking you about the symptoms, their frequency and intensity and may advise further tests. Once acidity is confirmed, a doctor may recommend further Acidity Tests to look for underlying causes or its impact. These may include blood tests like liver function test, lipid profile, homocysteine, etc.</p>\r\n\r\n<p>Early detection through an acidity test in Gurgaon can help you avoid many major conditions by taking necessary medications and implementing lifestyle changes.</p>"}}, {"model": "package.subcategory", "pk": 26, "fields": {"category": 2, "name": "Hypertension", "slug": "hypertension", "logo": "logos/logo.png", "shortdes": "", "description": "<p>Some symptoms that people with GERD may experience are:</p>\r\n\r\n<ul>\r\n\t<li>Heartburn</li>\r\n\t<li>Regurgitation</li>\r\n\t<li>Bloating</li>\r\n\t<li>Burping</li>\r\n\t<li>Nausea</li>\r\n\t<li>Wheezing, dry cough</li>\r\n\t<li>Unexplained weight loss</li>\r\n\t<li>Dysphagia</li>\r\n</ul>\r\n\r\n<p>Getting an Acidity Test in Gurgaon is the best way to keep track of your condition and take the necessary steps before it worsens.</p>\r\n\r\n<h3>Why Acidity Testing is important?</h3>\r\n\r\n<p>While acidity in itself is common and resolves fairly easily since there are many instant heartburn relief medications available, regular recurrence can indicate a more severe health issue as well as cause disruptions in daily life. Getting an acidity test in Gurgaon done in the early stages and then regularly following up with the doctor can help you take the necessary steps in improving or even resolving your condition.</p>\r\n\r\n<p>Some common risk factors of acidity or GERD are:</p>\r\n\r\n<ul>\r\n\t<li>Eating big meals or lying down immediately after a meal</li>\r\n\t<li>Being obese or overweight</li>\r\n\t<li>Snacking just before bedtime</li>\r\n\t<li>Eating specific food like citrus, tomato, chocolate, mint, garlic, onions, or spicy or fatty foods</li>\r\n\t<li>Drinking alcohol, caffeinated beverages</li>\r\n\t<li>Smoking</li>\r\n\t<li>Being pregnant</li>\r\n</ul>\r\n\r\n<p>Getting acidity Tests in Gurgaon is also important because severe heartburn can mimic the symptoms of heart attack. Regular health checkups keep you on top of your condition and help you take immediate action in case of emergency.</p>\r\n\r\n<h3>How Acidity Test is performed in Gurgaon?</h3>\r\n\r\n<p>A doctor usually diagnoses acidity by asking you about the symptoms, their frequency and intensity and may advise further tests. Once acidity is confirmed, a doctor may recommend further Acidity Tests to look for underlying causes or its impact. These may include blood tests like liver function test, lipid profile, homocysteine, etc.</p>\r\n\r\n<p>Early detection through an acidity test in Gurgaon can help you avoid many major conditions by taking necessary medications and implementing lifestyle changes.</p>"}}, {"model": "package.subcategory", "pk": 27, "fields": {"category": 2, "name": "Immunity", "slug": "immunity", "logo": "logos/logo.png", "shortdes": "", "description": "<p>Some symptoms that people with GERD may experience are:</p>\r\n\r\n<ul>\r\n\t<li>Heartburn</li>\r\n\t<li>Regurgitation</li>\r\n\t<li>Bloating</li>\r\n\t<li>Burping</li>\r\n\t<li>Nausea</li>\r\n\t<li>Wheezing, dry cough</li>\r\n\t<li>Unexplained weight loss</li>\r\n\t<li>Dysphagia</li>\r\n</ul>\r\n\r\n<p>Getting an Acidity Test in Gurgaon is the best way to keep track of your condition and take the necessary steps before it worsens.</p>\r\n\r\n<h3>Why Acidity Testing is important?</h3>\r\n\r\n<p>While acidity in itself is common and resolves fairly easily since there are many instant heartburn relief medications available, regular recurrence can indicate a more severe health issue as well as cause disruptions in daily life. Getting an acidity test in Gurgaon done in the early stages and then regularly following up with the doctor can help you take the necessary steps in improving or even resolving your condition.</p>\r\n\r\n<p>Some common risk factors of acidity or GERD are:</p>\r\n\r\n<ul>\r\n\t<li>Eating big meals or lying down immediately after a meal</li>\r\n\t<li>Being obese or overweight</li>\r\n\t<li>Snacking just before bedtime</li>\r\n\t<li>Eating specific food like citrus, tomato, chocolate, mint, garlic, onions, or spicy or fatty foods</li>\r\n\t<li>Drinking alcohol, caffeinated beverages</li>\r\n\t<li>Smoking</li>\r\n\t<li>Being pregnant</li>\r\n</ul>\r\n\r\n<p>Getting acidity Tests in Gurgaon is also important because severe heartburn can mimic the symptoms of heart attack. Regular health checkups keep you on top of your condition and help you take immediate action in case of emergency.</p>\r\n\r\n<h3>How Acidity Test is performed in Gurgaon?</h3>\r\n\r\n<p>A doctor usually diagnoses acidity by asking you about the symptoms, their frequency and intensity and may advise further tests. Once acidity is confirmed, a doctor may recommend further Acidity Tests to look for underlying causes or its impact. These may include blood tests like liver function test, lipid profile, homocysteine, etc.</p>\r\n\r\n<p>Early detection through an acidity test in Gurgaon can help you avoid many major conditions by taking necessary medications and implementing lifestyle changes.</p>"}}, {"model": "package.subcategory", "pk": 28, "fields": {"category": 2, "name": "Infections", "slug": "infections", "logo": "logos/logo.png", "shortdes": "", "description": "<p>Some symptoms that people with GERD may experience are:</p>\r\n\r\n<ul>\r\n\t<li>Heartburn</li>\r\n\t<li>Regurgitation</li>\r\n\t<li>Bloating</li>\r\n\t<li>Burping</li>\r\n\t<li>Nausea</li>\r\n\t<li>Wheezing, dry cough</li>\r\n\t<li>Unexplained weight loss</li>\r\n\t<li>Dysphagia</li>\r\n</ul>\r\n\r\n<p>Getting an Acidity Test in Gurgaon is the best way to keep track of your condition and take the necessary steps before it worsens.</p>\r\n\r\n<h3>Why Acidity Testing is important?</h3>\r\n\r\n<p>While acidity in itself is common and resolves fairly easily since there are many instant heartburn relief medications available, regular recurrence can indicate a more severe health issue as well as cause disruptions in daily life. Getting an acidity test in Gurgaon done in the early stages and then regularly following up with the doctor can help you take the necessary steps in improving or even resolving your condition.</p>\r\n\r\n<p>Some common risk factors of acidity or GERD are:</p>\r\n\r\n<ul>\r\n\t<li>Eating big meals or lying down immediately after a meal</li>\r\n\t<li>Being obese or overweight</li>\r\n\t<li>Snacking just before bedtime</li>\r\n\t<li>Eating specific food like citrus, tomato, chocolate, mint, garlic, onions, or spicy or fatty foods</li>\r\n\t<li>Drinking alcohol, caffeinated beverages</li>\r\n\t<li>Smoking</li>\r\n\t<li>Being pregnant</li>\r\n</ul>\r\n\r\n<p>Getting acidity Tests in Gurgaon is also important because severe heartburn can mimic the symptoms of heart attack. Regular health checkups keep you on top of your condition and help you take immediate action in case of emergency.</p>\r\n\r\n<h3>How Acidity Test is performed in Gurgaon?</h3>\r\n\r\n<p>A doctor usually diagnoses acidity by asking you about the symptoms, their frequency and intensity and may advise further tests. Once acidity is confirmed, a doctor may recommend further Acidity Tests to look for underlying causes or its impact. These may include blood tests like liver function test, lipid profile, homocysteine, etc.</p>\r\n\r\n<p>Early detection through an acidity test in Gurgaon can help you avoid many major conditions by taking necessary medications and implementing lifestyle changes.</p>"}}, {"model": "package.subcategory", "pk": 29, "fields": {"category": 2, "name": "Jaundice", "slug": "jaundice", "logo": "logos/logo.png", "shortdes": "", "description": "<p>Some symptoms that people with GERD may experience are:</p>\r\n\r\n<ul>\r\n\t<li>Heartburn</li>\r\n\t<li>Regurgitation</li>\r\n\t<li>Bloating</li>\r\n\t<li>Burping</li>\r\n\t<li>Nausea</li>\r\n\t<li>Wheezing, dry cough</li>\r\n\t<li>Unexplained weight loss</li>\r\n\t<li>Dysphagia</li>\r\n</ul>\r\n\r\n<p>Getting an Acidity Test in Gurgaon is the best way to keep track of your condition and take the necessary steps before it worsens.</p>\r\n\r\n<h3>Why Acidity Testing is important?</h3>\r\n\r\n<p>While acidity in itself is common and resolves fairly easily since there are many instant heartburn relief medications available, regular recurrence can indicate a more severe health issue as well as cause disruptions in daily life. Getting an acidity test in Gurgaon done in the early stages and then regularly following up with the doctor can help you take the necessary steps in improving or even resolving your condition.</p>\r\n\r\n<p>Some common risk factors of acidity or GERD are:</p>\r\n\r\n<ul>\r\n\t<li>Eating big meals or lying down immediately after a meal</li>\r\n\t<li>Being obese or overweight</li>\r\n\t<li>Snacking just before bedtime</li>\r\n\t<li>Eating specific food like citrus, tomato, chocolate, mint, garlic, onions, or spicy or fatty foods</li>\r\n\t<li>Drinking alcohol, caffeinated beverages</li>\r\n\t<li>Smoking</li>\r\n\t<li>Being pregnant</li>\r\n</ul>\r\n\r\n<p>Getting acidity Tests in Gurgaon is also important because severe heartburn can mimic the symptoms of heart attack. Regular health checkups keep you on top of your condition and help you take immediate action in case of emergency.</p>\r\n\r\n<h3>How Acidity Test is performed in Gurgaon?</h3>\r\n\r\n<p>A doctor usually diagnoses acidity by asking you about the symptoms, their frequency and intensity and may advise further tests. Once acidity is confirmed, a doctor may recommend further Acidity Tests to look for underlying causes or its impact. These may include blood tests like liver function test, lipid profile, homocysteine, etc.</p>\r\n\r\n<p>Early detection through an acidity test in Gurgaon can help you avoid many major conditions by taking necessary medications and implementing lifestyle changes.</p>"}}, {"model": "package.subcategory", "pk": 30, "fields": {"category": 2, "name": "Joints", "slug": "joints", "logo": "logos/logo.png", "shortdes": "", "description": "<p>Some symptoms that people with GERD may experience are:</p>\r\n\r\n<ul>\r\n\t<li>Heartburn</li>\r\n\t<li>Regurgitation</li>\r\n\t<li>Bloating</li>\r\n\t<li>Burping</li>\r\n\t<li>Nausea</li>\r\n\t<li>Wheezing, dry cough</li>\r\n\t<li>Unexplained weight loss</li>\r\n\t<li>Dysphagia</li>\r\n</ul>\r\n\r\n<p>Getting an Acidity Test in Gurgaon is the best way to keep track of your condition and take the necessary steps before it worsens.</p>\r\n\r\n<h3>Why Acidity Testing is important?</h3>\r\n\r\n<p>While acidity in itself is common and resolves fairly easily since there are many instant heartburn relief medications available, regular recurrence can indicate a more severe health issue as well as cause disruptions in daily life. Getting an acidity test in Gurgaon done in the early stages and then regularly following up with the doctor can help you take the necessary steps in improving or even resolving your condition.</p>\r\n\r\n<p>Some common risk factors of acidity or GERD are:</p>\r\n\r\n<ul>\r\n\t<li>Eating big meals or lying down immediately after a meal</li>\r\n\t<li>Being obese or overweight</li>\r\n\t<li>Snacking just before bedtime</li>\r\n\t<li>Eating specific food like citrus, tomato, chocolate, mint, garlic, onions, or spicy or fatty foods</li>\r\n\t<li>Drinking alcohol, caffeinated beverages</li>\r\n\t<li>Smoking</li>\r\n\t<li>Being pregnant</li>\r\n</ul>\r\n\r\n<p>Getting acidity Tests in Gurgaon is also important because severe heartburn can mimic the symptoms of heart attack. Regular health checkups keep you on top of your condition and help you take immediate action in case of emergency.</p>\r\n\r\n<h3>How Acidity Test is performed in Gurgaon?</h3>\r\n\r\n<p>A doctor usually diagnoses acidity by asking you about the symptoms, their frequency and intensity and may advise further tests. Once acidity is confirmed, a doctor may recommend further Acidity Tests to look for underlying causes or its impact. These may include blood tests like liver function test, lipid profile, homocysteine, etc.</p>\r\n\r\n<p>Early detection through an acidity test in Gurgaon can help you avoid many major conditions by taking necessary medications and implementing lifestyle changes.</p>"}}, {"model": "package.subcategory", "pk": 31, "fields": {"category": 1, "name": "testttt", "slug": "testttt", "logo": "logos/logo_eM6LQzy.png", "shortdes": "okkkk", "description": "<p>okkkk</p>"}}, {"model": "package.test", "pk": 5, "fields": {"test_uniqueId": "test1", "test_name": "Absolute Basophils Count, Blood", "test_description": "<p>Absolute Basophils Count, Blood</p>", "test_price": 120.0, "sample_colllection_charges": "0", "discount": "0", "final_cost": 120.0, "Publish": "1", "slug": "absolute-basophils-count-blood", "test_category": [2, 3, 4]}}, {"model": "package.test", "pk": 6, "fields": {"test_uniqueId": "test2", "test_name": "Absolute Eosinophil Count, Blood", "test_description": "<p>Absolute Eosinophil Count, Blood</p>", "test_price": 0.0, "sample_colllection_charges": "0", "discount": "0", "final_cost": 0.0, "Publish": "1", "slug": "absolute-eosinophil-count-blood", "test_category": []}}, {"model": "package.test", "pk": 7, "fields": {"test_uniqueId": "test3", "test_name": "Absolute Lymphocyte Count, Blood", "test_description": "<p>Absolute Lymphocyte Count, Blood</p>", "test_price": 0.0, "sample_colllection_charges": "0", "discount": "0", "final_cost": 0.0, "Publish": "1", "slug": "absolute-lymphocyte-count-blood", "test_category": [2, 3, 4]}}, {"model": "package.test", "pk": 8, "fields": {"test_uniqueId": "test4", "test_name": "Absolute Monocyte Count, Blood", "test_description": "<p>Absolute Monocyte Count, Blood</p>", "test_price": 0.0, "sample_colllection_charges": "1", "discount": "0", "final_cost": 0.0, "Publish": "1", "slug": "absolute-monocyte-count-blood", "test_category": []}}, {"model": "package.test", "pk": 9, "fields": {"test_uniqueId": "test5", "test_name": "Absolute Neutrophil Count, Blood", "test_description": "<p>Absolute Neutrophil Count, Blood</p>", "test_price": 0.0, "sample_colllection_charges": "1", "discount": "0", "final_cost": 0.0, "Publish": "1", "slug": "absolute-neutrophil-count-blood", "test_category": [2, 3, 4]}}, {"model": "package.test", "pk": 10, "fields": {"test_uniqueId": "test6", "test_name": "ESR Automated", "test_description": "<p>ESR Automated</p>", "test_price": 0.0, "sample_colllection_charges": "1", "discount": "0", "final_cost": 0.0, "Publish": "1", "slug": "esr-automated", "test_category": [1, 2]}}, {"model": "package.test", "pk": 11, "fields": {"test_uniqueId": "test7", "test_name": "Hemoglobin Hb", "test_description": "<p>Hemoglobin Hb</p>", "test_price": 0.0, "sample_colllection_charges": "0", "discount": "0", "final_cost": 0.0, "Publish": "1", "slug": "hemoglobin-hb", "test_category": [2, 3, 4, 20, 21, 22]}}, {"model": "package.test", "pk": 12, "fields": {"test_uniqueId": "test8", "test_name": "MCH", "test_description": "<p>MCH</p>", "test_price": 0.0, "sample_colllection_charges": "0", "discount": "0", "final_cost": 0.0, "Publish": "1", "slug": "mch", "test_category": []}}, {"model": "package.test", "pk": 13, "fields": {"test_uniqueId": "test9", "test_name": "MCHC", "test_description": "<p>MCHC</p>", "test_price": 0.0, "sample_colllection_charges": "0", "discount": "0", "final_cost": 0.0, "Publish": "1", "slug": "mchc", "test_category": []}}, {"model": "package.test", "pk": 14, "fields": {"test_uniqueId": "test10", "test_name": "MCV", "test_description": "<p>MCV</p>", "test_price": 0.0, "sample_colllection_charges": "1", "discount": "0", "final_cost": 0.0, "Publish": "1", "slug": "mcv", "test_category": [2, 24, 25, 26, 27, 28]}}, {"model": "package.test", "pk": 15, "fields": {"test_uniqueId": "test11", "test_name": "MPV Mean Platelet Volume", "test_description": "<p>MPV Mean Platelet Volume</p>", "test_price": 0.0, "sample_colllection_charges": "1", "discount": "0", "final_cost": 0.0, "Publish": "1", "slug": "mpv-mean-platelet-volume", "test_category": []}}, {"model": "package.test", "pk": 16, "fields": {"test_uniqueId": "test12", "test_name": "PCV Haematocrit", "test_description": "<p>PCV Haematocrit</p>", "test_price": 0.0, "sample_colllection_charges": "1", "discount": "0", "final_cost": 0.0, "Publish": "1", "slug": "pcv-haematocrit", "test_category": [1, 2, 3]}}, {"model": "package.test", "pk": 17, "fields": {"test_uniqueId": "test13", "test_name": "PDW Platelet Distribution Width", "test_description": "<p>PDW Platelet Distribution Width</p>", "test_price": 0.0, "sample_colllection_charges": "1", "discount": "0", "final_cost": 0.0, "Publish": "1", "slug": "pdw-platelet-distribution-width", "test_category": []}}, {"model": "package.test", "pk": 18, "fields": {"test_uniqueId": "test13", "test_name": "PDW Platelet Distribution Width", "test_description": "<p>PDW Platelet Distribution Width</p>", "test_price": 0.0, "sample_colllection_charges": "1", "discount": "0", "final_cost": 0.0, "Publish": "1", "slug": "pdw-platelet-distribution-width", "test_category": []}}, {"model": "package.test", "pk": 19, "fields": {"test_uniqueId": "test14", "test_name": "Platelet Count Thrombocyte count", "test_description": "<p>Platelet Count Thrombocyte count</p>", "test_price": 0.0, "sample_colllection_charges": "1", "discount": "0", "final_cost": 0.0, "Publish": "1", "slug": "platelet-count-thrombocyte-count", "test_category": []}}, {"model": "package.test", "pk": 20, "fields": {"test_uniqueId": "test15", "test_name": "WBC-Total Counts Leucocytes", "test_description": "<p>WBC-Total Counts Leucocytes</p>", "test_price": 0.0, "sample_colllection_charges": "1", "discount": "0", "final_cost": 0.0, "Publish": "0", "slug": "wbc-total-counts-leucocytes", "test_category": [28, 29, 30]}}, {"model": "package.test", "pk": 21, "fields": {"test_uniqueId": "test16", "test_name": "Albumin, Serum", "test_description": "<p>Albumin, Serum</p>", "test_price": 0.0, "sample_colllection_charges": "0", "discount": "0", "final_cost": 0.0, "Publish": "1", "slug": "albumin-serum", "test_category": []}}, {"model": "package.test", "pk": 22, "fields": {"test_uniqueId": "test17", "test_name": "Alkaline Phosphatase, Serum", "test_description": "<p>Alkaline Phosphatase, Serum</p>", "test_price": 0.0, "sample_colllection_charges": "1", "discount": "0", "final_cost": 0.0, "Publish": "1", "slug": "alkaline-phosphatase-serum", "test_category": []}}, {"model": "package.test", "pk": 23, "fields": {"test_uniqueId": "test18", "test_name": "Bilirubin Direct, Serum", "test_description": "<p>Bilirubin Direct, Serum</p>", "test_price": 0.0, "sample_colllection_charges": "1", "discount": "0", "final_cost": 0.0, "Publish": "1", "slug": "bilirubin-direct-serum", "test_category": [3, 4]}}, {"model": "package.test", "pk": 24, "fields": {"test_uniqueId": "test19", "test_name": "Bilirubin Total, Serum", "test_description": "<p>Bilirubin Total, Serum</p>", "test_price": 0.0, "sample_colllection_charges": "1", "discount": "0", "final_cost": 0.0, "Publish": "1", "slug": "bilirubin-total-serum", "test_category": []}}, {"model": "package.test", "pk": 25, "fields": {"test_uniqueId": "test20", "test_name": "GGTP (Gamma GT)", "test_description": "<p>GGTP (Gamma GT)</p>", "test_price": 0.0, "sample_colllection_charges": "1", "discount": "0", "final_cost": 0.0, "Publish": "1", "slug": "ggtp-gamma-gt", "test_category": []}}, {"model": "package.test", "pk": 26, "fields": {"test_uniqueId": "test21", "test_name": "Proteins, Serum", "test_description": "<p>Proteins, Serum</p>", "test_price": 0.0, "sample_colllection_charges": "1", "discount": "0", "final_cost": 0.0, "Publish": "1", "slug": "proteins-serum", "test_category": []}}, {"model": "package.test", "pk": 27, "fields": {"test_uniqueId": "test22", "test_name": "SGOT/AS", "test_description": "<p>SGOT/AS</p>", "test_price": 0.0, "sample_colllection_charges": "1", "discount": "0", "final_cost": 0.0, "Publish": "1", "slug": "sgotas", "test_category": []}}, {"model": "package.test", "pk": 28, "fields": {"test_uniqueId": "test23", "test_name": "SGPT/ALT", "test_description": "<p>SGPT/ALT</p>", "test_price": 0.0, "sample_colllection_charges": "1", "discount": "0", "final_cost": 0.0, "Publish": "1", "slug": "sgptalt", "test_category": []}}, {"model": "package.test", "pk": 29, "fields": {"test_uniqueId": "test24", "test_name": "Bilirubin- Indirect, serum", "test_description": "<p>Bilirubin- Indirect, serum</p>", "test_price": 0.0, "sample_colllection_charges": "1", "discount": "0", "final_cost": 0.0, "Publish": "1", "slug": "bilirubin-indirect-serum", "test_category": []}}, {"model": "package.test", "pk": 30, "fields": {"test_uniqueId": "test25", "test_name": "Globulin", "test_description": "<p>Globulin</p>", "test_price": 0.0, "sample_colllection_charges": "1", "discount": "0", "final_cost": 0.0, "Publish": "1", "slug": "globulin", "test_category": []}}, {"model": "package.test", "pk": 31, "fields": {"test_uniqueId": "test26", "test_name": "A/G Ratio", "test_description": "<p>A/G Ratio</p>", "test_price": 0.0, "sample_colllection_charges": "1", "discount": "0", "final_cost": 0.0, "Publish": "1", "slug": "ag-ratio", "test_category": []}}, {"model": "package.test", "pk": 32, "fields": {"test_uniqueId": "test27", "test_name": "SGOT/SGPT Ratio", "test_description": "<p>SGOT/SGPT Ratio</p>", "test_price": 0.0, "sample_colllection_charges": "1", "discount": "0", "final_cost": 0.0, "Publish": "1", "slug": "sgotsgpt-ratio", "test_category": []}}, {"model": "package.test", "pk": 33, "fields": {"test_uniqueId": "test28", "test_name": "BUN Urea Nitrogen, Serum", "test_description": "<p>BUN Urea Nitrogen, Serum</p>", "test_price": 0.0, "sample_colllection_charges": "1", "discount": "0", "final_cost": 0.0, "Publish": "1", "slug": "bun-urea-nitrogen-serum", "test_category": []}}, {"model": "package.test", "pk": 34, "fields": {"test_uniqueId": "test29", "test_name": "Calcium Total, Serum", "test_description": "<p>Calcium Total, Serum</p>", "test_price": 0.0, "sample_colllection_charges": "1", "discount": "0", "final_cost": 0.0, "Publish": "1", "slug": "calcium-total-serum", "test_category": []}}, {"model": "package.test", "pk": 35, "fields": {"test_uniqueId": "test30", "test_name": "Chlorides, Serum", "test_description": "<p>Chlorides, Serum</p>", "test_price": 0.0, "sample_colllection_charges": "1", "discount": "0", "final_cost": 0.0, "Publish": "1", "slug": "chlorides-serum", "test_category": []}}, {"model": "package.test", "pk": 36, "fields": {"test_uniqueId": "test31", "test_name": "Creatinine, Serum", "test_description": "<p>Creatinine, Serum</p>", "test_price": 0.0, "sample_colllection_charges": "1", "discount": "0", "final_cost": 0.0, "Publish": "1", "slug": "creatinine-serum", "test_category": []}}, {"model": "package.test", "pk": 37, "fields": {"test_uniqueId": "test32", "test_name": "Phosphorus-Inorganic, Serum", "test_description": "<p>Phosphorus-Inorganic, Serum</p>", "test_price": 0.0, "sample_colllection_charges": "1", "discount": "0", "final_cost": 0.0, "Publish": "1", "slug": "phosphorus-inorganic-serum", "test_category": []}}, {"model": "package.test", "pk": 38, "fields": {"test_uniqueId": "TEST33", "test_name": "Sodium, Serum", "test_description": "<p>Sodium, Serum</p>", "test_price": 0.0, "sample_colllection_charges": "1", "discount": "0", "final_cost": 0.0, "Publish": "1", "slug": "sodium-serum", "test_category": []}}, {"model": "package.test", "pk": 39, "fields": {"test_uniqueId": "TEST34", "test_name": "Urea, Serum", "test_description": "<p>Urea, Serum</p>", "test_price": 0.0, "sample_colllection_charges": "1", "discount": "0", "final_cost": 0.0, "Publish": "1", "slug": "urea-serum", "test_category": []}}, {"model": "package.test", "pk": 40, "fields": {"test_uniqueId": "TEST35", "test_name": "Uric Acid, Serum", "test_description": "<p>Uric Acid, Serum</p>", "test_price": 0.0, "sample_colllection_charges": "1", "discount": "0", "final_cost": 0.0, "Publish": "1", "slug": "uric-acid-serum", "test_category": []}}, {"model": "package.test", "pk": 41, "fields": {"test_uniqueId": "TEST36", "test_name": "BUN/Creatinine Ratio", "test_description": "<p>BUN/Creatinine Ratio</p>", "test_price": 0.0, "sample_colllection_charges": "1", "discount": "0", "final_cost": 0.0, "Publish": "1", "slug": "buncreatinine-ratio", "test_category": []}}, {"model": "package.test", "pk": 42, "fields": {"test_uniqueId": "TEST37", "test_name": "Urea/Creatinine Ratio", "test_description": "<p>Urea/Creatinine Ratio</p>", "test_price": 0.0, "sample_colllection_charges": "1", "discount": "0", "final_cost": 0.0, "Publish": "1", "slug": "ureacreatinine-ratio", "test_category": []}}, {"model": "package.test", "pk": 43, "fields": {"test_uniqueId": "TEST38", "test_name": "Cholesterol-Total, Serum", "test_description": "<p>Cholesterol-Total, Serum</p>", "test_price": 0.0, "sample_colllection_charges": "1", "discount": "0", "final_cost": 0.0, "Publish": "1", "slug": "cholesterol-total-serum", "test_category": []}}, {"model": "package.test", "pk": 44, "fields": {"test_uniqueId": "TEST39", "test_name": "HDL Cholesterol Direct", "test_description": "<p>HDL Cholesterol Direct</p>", "test_price": 0.0, "sample_colllection_charges": "1", "discount": "0", "final_cost": 0.0, "Publish": "1", "slug": "hdl-cholesterol-direct", "test_category": []}}, {"model": "package.test", "pk": 45, "fields": {"test_uniqueId": "TEST40", "test_name": "LDL Cholesterol -Direct", "test_description": "<p>LDL Cholesterol -Direct</p>", "test_price": 0.0, "sample_colllection_charges": "1", "discount": "0", "final_cost": 0.0, "Publish": "1", "slug": "ldl-cholesterol-direct", "test_category": []}}, {"model": "package.test", "pk": 46, "fields": {"test_uniqueId": "TEST41", "test_name": "Triglycerides, Serum", "test_description": "<p>Triglycerides, Serum</p>", "test_price": 0.0, "sample_colllection_charges": "1", "discount": "0", "final_cost": 0.0, "Publish": "1", "slug": "triglycerides-serum", "test_category": []}}, {"model": "package.test", "pk": 47, "fields": {"test_uniqueId": "TEST42", "test_name": "Non - HDL Cholesterol, Serum", "test_description": "<p>Non - HDL Cholesterol, Serum</p>", "test_price": 0.0, "sample_colllection_charges": "1", "discount": "0", "final_cost": 0.0, "Publish": "1", "slug": "non-hdl-cholesterol-serum", "test_category": []}}, {"model": "package.test", "pk": 48, "fields": {"test_uniqueId": "TEST43", "test_name": "VLDL", "test_description": "<p>VLDL</p>", "test_price": 0.0, "sample_colllection_charges": "1", "discount": "0", "final_cost": 0.0, "Publish": "1", "slug": "vldl", "test_category": []}}, {"model": "package.test", "pk": 49, "fields": {"test_uniqueId": "TEST44", "test_name": "LDL/HDL RATIO", "test_description": "<p>LDL/HDL RATIO</p>", "test_price": 0.0, "sample_colllection_charges": "1", "discount": "0", "final_cost": 0.0, "Publish": "1", "slug": "ldlhdl-ratio", "test_category": []}}, {"model": "package.test", "pk": 50, "fields": {"test_uniqueId": "TEST45", "test_name": "CHOL/HDL RATIO", "test_description": "<p>CHOL/HDL RATIO</p>", "test_price": 0.0, "sample_colllection_charges": "1", "discount": "0", "final_cost": 0.0, "Publish": "1", "slug": "cholhdl-ratio", "test_category": []}}, {"model": "package.test", "pk": 51, "fields": {"test_uniqueId": "TEST46", "test_name": "HDL / LDL Cholesterol Ratio", "test_description": "<p>HDL / LDL Cholesterol Ratio</p>", "test_price": 0.0, "sample_colllection_charges": "1", "discount": "0", "final_cost": 0.0, "Publish": "1", "slug": "hdl-ldl-cholesterol-ratio", "test_category": []}}, {"model": "package.test", "pk": 52, "fields": {"test_uniqueId": "TEST47", "test_name": "CALCIUM", "test_description": "<p>CALCIUM</p>", "test_price": 0.0, "sample_colllection_charges": "1", "discount": "0", "final_cost": 0.0, "Publish": "1", "slug": "calcium", "test_category": []}}, {"model": "package.test", "pk": 53, "fields": {"test_uniqueId": "TEST48", "test_name": "PHOSPHORUS", "test_description": "<p>PHOSPHORUS</p>", "test_price": 0.0, "sample_colllection_charges": "1", "discount": "0", "final_cost": 0.0, "Publish": "1", "slug": "phosphorus", "test_category": []}}, {"model": "package.test", "pk": 54, "fields": {"test_uniqueId": "TEST49", "test_name": "0", "test_description": "<p>ALKALINE&nbsp;</p>", "test_price": 0.0, "sample_colllection_charges": "1", "discount": "0", "final_cost": 0.0, "Publish": "1", "slug": "0", "test_category": []}}, {"model": "package.test", "pk": 55, "fields": {"test_uniqueId": "TEST49", "test_name": "ALKALINE", "test_description": "<p>ALKALINE&nbsp;</p>", "test_price": 0.0, "sample_colllection_charges": "1", "discount": "0", "final_cost": 0.0, "Publish": "1", "slug": "0", "test_category": []}}, {"model": "package.test", "pk": 56, "fields": {"test_uniqueId": "TEST50", "test_name": "PHOSPHATE", "test_description": "<p>PHOSPHATE</p>", "test_price": 0.0, "sample_colllection_charges": "1", "discount": "0", "final_cost": 0.0, "Publish": "1", "slug": "phosphate", "test_category": []}}, {"model": "package.test", "pk": 57, "fields": {"test_uniqueId": "TEST51", "test_name": "ESR", "test_description": "<p>ESR</p>", "test_price": 0.0, "sample_colllection_charges": "1", "discount": "0", "final_cost": 0.0, "Publish": "1", "slug": "esr", "test_category": []}}, {"model": "package.test", "pk": 58, "fields": {"test_uniqueId": "TEST52", "test_name": "TOTAL PROTEIN", "test_description": "<p>TOTAL PROTEIN</p>", "test_price": 0.0, "sample_colllection_charges": "1", "discount": "0", "final_cost": 0.0, "Publish": "1", "slug": "total-protein", "test_category": []}}, {"model": "package.test", "pk": 59, "fields": {"test_uniqueId": "TEST53", "test_name": "ALBUMIN", "test_description": "<p>ALBUMIN</p>", "test_price": 0.0, "sample_colllection_charges": "1", "discount": "0", "final_cost": 0.0, "Publish": "1", "slug": "albumin", "test_category": []}}, {"model": "package.test", "pk": 60, "fields": {"test_uniqueId": "TEST52", "test_name": "TOTAL PROTEIN", "test_description": "<p>TOTAL PROTEIN</p>", "test_price": 0.0, "sample_colllection_charges": "1", "discount": "0", "final_cost": 0.0, "Publish": "1", "slug": "albumin", "test_category": []}}, {"model": "package.test", "pk": 61, "fields": {"test_uniqueId": "TEST55", "test_name": "A:G RATIO", "test_description": "<p>A:G RATIO</p>", "test_price": 0.0, "sample_colllection_charges": "1", "discount": "0", "final_cost": 0.0, "Publish": "1", "slug": "ag-ratio", "test_category": []}}, {"model": "package.test", "pk": 62, "fields": {"test_uniqueId": "TEST56", "test_name": "GLUCOSE", "test_description": "<p>GLUCOSE</p>", "test_price": 0.0, "sample_colllection_charges": "1", "discount": "0", "final_cost": 0.0, "Publish": "1", "slug": "glucose", "test_category": []}}, {"model": "package.test", "pk": 63, "fields": {"test_uniqueId": "TEST57", "test_name": "FASTING", "test_description": "<p>FASTING</p>", "test_price": 0.0, "sample_colllection_charges": "1", "discount": "0", "final_cost": 0.0, "Publish": "1", "slug": "fasting", "test_category": []}}, {"model": "package.test", "pk": 64, "fields": {"test_uniqueId": "TEST58", "test_name": "URINE SUGAR", "test_description": "<p>URINE SUGAR</p>", "test_price": 0.0, "sample_colllection_charges": "1", "discount": "0", "final_cost": 0.0, "Publish": "1", "slug": "urine-sugar", "test_category": []}}, {"model": "package.test", "pk": 65, "fields": {"test_uniqueId": "TEST59", "test_name": "T3, Total Tri Iodothyronine", "test_description": "<p>T3, Total Tri Iodothyronine</p>", "test_price": 0.0, "sample_colllection_charges": "1", "discount": "0", "final_cost": 0.0, "Publish": "1", "slug": "t3-total-tri-iodothyronine", "test_category": []}}, {"model": "package.test", "pk": 66, "fields": {"test_uniqueId": "TEST60", "test_name": "T4, Total Thyroxine", "test_description": "<p>T4, Total Thyroxine</p>", "test_price": 0.0, "sample_colllection_charges": "1", "discount": "0", "final_cost": 0.0, "Publish": "1", "slug": "t4-total-thyroxine", "test_category": []}}, {"model": "package.test", "pk": 67, "fields": {"test_uniqueId": "TEST61", "test_name": "TSH Ultra - sensitive", "test_description": "<p>TSH Ultra - sensitive</p>", "test_price": 0.0, "sample_colllection_charges": "1", "discount": "0", "final_cost": 0.0, "Publish": "1", "slug": "tsh-ultra-sensitive", "test_category": []}}, {"model": "package.test", "pk": 68, "fields": {"test_uniqueId": "TEST62", "test_name": "pH Urine", "test_description": "<p>pH Urine</p>", "test_price": 0.0, "sample_colllection_charges": "1", "discount": "0", "final_cost": 0.0, "Publish": "1", "slug": "ph-urine", "test_category": []}}, {"model": "package.test", "pk": 69, "fields": {"test_uniqueId": "TEST63", "test_name": "Specific gravity", "test_description": "<p>Specific gravity</p>", "test_price": 0.0, "sample_colllection_charges": "1", "discount": "0", "final_cost": 0.0, "Publish": "1", "slug": "specific-gravity", "test_category": []}}, {"model": "package.test", "pk": 70, "fields": {"test_uniqueId": "TEST64", "test_name": "Urobilinogen", "test_description": "<p>Urobilinogen</p>", "test_price": 0.0, "sample_colllection_charges": "1", "discount": "0", "final_cost": 0.0, "Publish": "1", "slug": "urobilinogen", "test_category": []}}, {"model": "package.test", "pk": 71, "fields": {"test_uniqueId": "TEST65", "test_name": "Colour", "test_description": "<p>Colour</p>", "test_price": 0.0, "sample_colllection_charges": "1", "discount": "0", "final_cost": 0.0, "Publish": "1", "slug": "colour", "test_category": []}}, {"model": "package.test", "pk": 72, "fields": {"test_uniqueId": "TEST66", "test_name": "Transparency", "test_description": "<p>Transparency</p>", "test_price": 0.0, "sample_colllection_charges": "1", "discount": "0", "final_cost": 0.0, "Publish": "1", "slug": "transparency", "test_category": []}}, {"model": "package.test", "pk": 73, "fields": {"test_uniqueId": "TEST68", "test_name": "Sugar", "test_description": "<p>Sugar</p>", "test_price": 0.0, "sample_colllection_charges": "1", "discount": "0", "final_cost": 0.0, "Publish": "1", "slug": "sugar", "test_category": []}}, {"model": "package.test", "pk": 74, "fields": {"test_uniqueId": "TEST69", "test_name": "Blood", "test_description": "<p>Blood</p>", "test_price": 0.0, "sample_colllection_charges": "1", "discount": "0", "final_cost": 0.0, "Publish": "1", "slug": "blood", "test_category": []}}, {"model": "package.test", "pk": 75, "fields": {"test_uniqueId": "TEST70", "test_name": "Red blood cells", "test_description": "<p>Red blood cells</p>", "test_price": 0.0, "sample_colllection_charges": "1", "discount": "0", "final_cost": 0.0, "Publish": "1", "slug": "red-blood-cells", "test_category": []}}, {"model": "package.test", "pk": 76, "fields": {"test_uniqueId": "TEST71", "test_name": "Pus cells (Leukocytes)", "test_description": "<p>Pus cells (Leukocytes)</p>", "test_price": 0.0, "sample_colllection_charges": "1", "discount": "0", "final_cost": 0.0, "Publish": "1", "slug": "pus-cells-leukocytes", "test_category": []}}, {"model": "package.test", "pk": 77, "fields": {"test_uniqueId": "TEST72", "test_name": "Epithelial cells", "test_description": "<p>Epithelial cells</p>", "test_price": 0.0, "sample_colllection_charges": "1", "discount": "0", "final_cost": 0.0, "Publish": "1", "slug": "epithelial-cells", "test_category": []}}, {"model": "package.test", "pk": 78, "fields": {"test_uniqueId": "TEST73", "test_name": "Crystals", "test_description": "<p>Crystals</p>", "test_price": 0.0, "sample_colllection_charges": "1", "discount": "0", "final_cost": 0.0, "Publish": "1", "slug": "crystals", "test_category": []}}, {"model": "package.test", "pk": 79, "fields": {"test_uniqueId": "TEST74", "test_name": "Cast", "test_description": "<p>Cast</p>", "test_price": 0.0, "sample_colllection_charges": "0", "discount": "0", "final_cost": 0.0, "Publish": "1", "slug": "cast", "test_category": []}}, {"model": "package.test", "pk": 80, "fields": {"test_uniqueId": "TEST75", "test_name": "Bacteria", "test_description": "<p>Bacteria</p>", "test_price": 0.0, "sample_colllection_charges": "1", "discount": "0", "final_cost": 0.0, "Publish": "1", "slug": "bacteria", "test_category": []}}, {"model": "package.test", "pk": 81, "fields": {"test_uniqueId": "TEST76", "test_name": "Nitrate", "test_description": "<p>Nitrate</p>", "test_price": 0.0, "sample_colllection_charges": "1", "discount": "0", "final_cost": 0.0, "Publish": "1", "slug": "nitrate", "test_category": []}}, {"model": "package.test", "pk": 82, "fields": {"test_uniqueId": "TEST77", "test_name": "URINE KETONE", "test_description": "<p>URINE KETONE</p>", "test_price": 0.0, "sample_colllection_charges": "1", "discount": "0", "final_cost": 0.0, "Publish": "1", "slug": "urine-ketone", "test_category": []}}, {"model": "package.test", "pk": 83, "fields": {"test_uniqueId": "TEST78", "test_name": "Leucocyte Esterase", "test_description": "<p>Leucocyte Esterase</p>", "test_price": 0.0, "sample_colllection_charges": "1", "discount": "0", "final_cost": 0.0, "Publish": "1", "slug": "leucocyte-esterase", "test_category": []}}, {"model": "package.test", "pk": 84, "fields": {"test_uniqueId": "TEST79", "test_name": "Bile Pigments (Bilirubin)", "test_description": "<p>Bile Pigments (Bilirubin)</p>", "test_price": 0.0, "sample_colllection_charges": "1", "discount": "0", "final_cost": 0.0, "Publish": "1", "slug": "bile-pigments-bilirubin", "test_category": []}}, {"model": "package.profile", "pk": 2, "fields": {"Profile_Id": "Sprofile2", "Profile_Name": "CBC", "profile_description": "CBC PROFILE", "Publish": "1", "Select_Test_id": [5, 6, 7, 8, 9, 10, 11, 12, 13, 14, 15, 16, 17, 19, 20]}}, {"model": "package.profile", "pk": 3, "fields": {"Profile_Id": "Sprofile3", "Profile_Name": "LFT", "profile_description": "LFT", "Publish": "1", "Select_Test_id": [21, 22, 23, 24, 25, 26, 27, 28, 29, 30, 31, 32]}}, {"model": "package.profile", "pk": 4, "fields": {"Profile_Id": "Sprofile4", "Profile_Name": "KFT", "profile_description": "KFT", "Publish": "1", "Select_Test_id": [33, 34, 35, 36, 37, 38, 39, 40, 41, 42]}}, {"model": "package.profile", "pk": 5, "fields": {"Profile_Id": "Sprofile5", "Profile_Name": "LIPID PROFILE", "profile_description": "lipid PROFILE", "Publish": "1", "Select_Test_id": [43, 44, 45, 46, 47, 48, 49, 50, 51]}}, {"model": "package.profile", "pk": 6, "fields": {"Profile_Id": "Sprofile6", "Profile_Name": "BONE PROFILE", "profile_description": "BONE PROFILE", "Publish": "1", "Select_Test_id": [52, 53, 55, 56, 57]}}, {"model": "package.profile", "pk": 7, "fields": {"Profile_Id": "Sprofile7", "Profile_Name": "PROTINE PROFILE", "profile_description": "PROTINEPROFILE", "Publish": "1", "Select_Test_id": [59, 60, 61, 62]}}, {"model": "package.profile", "pk": 8, "fields": {"Profile_Id": "Sprofile8", "Profile_Name": "SUGARCANE PROFILE", "profile_description": "SUGARCANE PROFILE", "Publish": "1", "Select_Test_id": [62, 63, 64]}}, {"model": "package.profile", "pk": 9, "fields": {"Profile_Id": "Sprofile9", "Profile_Name": "THYROID PROFILE", "profile_description": "THYROID PROFILE", "Publish": "1", "Select_Test_id": [65, 66, 67]}}, {"model": "package.profile", "pk": 10, "fields": {"Profile_Id": "Sprofile10", "Profile_Name": "URINE PROFILE", "profile_description": "URINE PROFILE", "Publish": "1", "Select_Test_id": [59, 68, 69, 70, 71, 72, 73, 74, 75]}}, {"model": "package.packageavailablefor", "pk": 2, "fields": {"gender": "Women"}}, {"model": "package.packageavailablefor", "pk": 8, "fields": {"gender": "Men"}}, {"model": "package.packageavailablefor", "pk": 9, "fields": {"gender": "Child"}}, {"model": "package.package", "pk": 1, "fields": {"Package_id": "Package1", "Package_name": "Blood report", "Package_descrption": "<p>this is some discription</p>", "Package_price": 2.0, "discount": "33%", "final_cost": 1.34, "popular_package": true, "Publish": "1", "slug": "Blood-report", "package_category": [1, 12, 21, 23, 28], "Porfile_collection": [2, 3], "Package_for": [2]}}, {"model": "package.package", "pk": 2, "fields": {"Package_id": "Package2", "Package_name": "SDS SCREENING 1.0", "Package_descrption": "<p>SDS SCREENING 1.0&nbsp;&nbsp; &nbsp;&nbsp;&nbsp; &nbsp;</p>", "Package_price": 2500.0, "discount": "1501", "final_cost": 999.0, "popular_package": false, "Publish": "1", "slug": "sds-screening-10", "package_category": [3, 4, 5, 6], "Porfile_collection": [2, 3, 4, 5, 6, 7, 8, 9, 10], "Package_for": [2, 8, 9]}}, {"model": "package.package", "pk": 3, "fields": {"Package_id": "Package3", "Package_name": "SDS SCREENING 1.2", "Package_descrption": "<p>JJJJ</p>", "Package_price": 5.0, "discount": "4", "final_cost": 1.0, "popular_package": false, "Publish": "1", "slug": "sds-screening-12", "package_category": [1, 2], "Porfile_collection": [2, 3], "Package_for": [2, 8]}}, {"model": "package.coupon", "pk": 2, "fields": {"Coupon_id": "Package2", "coupan_name": "53453", "Generate_coupon": "34534535", "Coupon_expire_date": "2022-02-11", "Coupon_partical_allowes": "1", "Coupon_issed_by": 2, "Coupon_created": "2022-02-09", "message": "Applied", "discount": "10%", "minimum_order_value": 0.0, "active": "1"}}, {"model": "package.coupon", "pk": 3, "fields": {"Coupon_id": "Package3", "coupan_name": "offer2", "Generate_coupon": "2", "Coupon_expire_date": "2022-02-02", "Coupon_partical_allowes": "1", "Coupon_issed_by": 2, "Coupon_created": "2022-02-01", "message": "Applied", "discount": "50", "minimum_order_value": 0.0, "active": "1"}}, {"model": "package.coupon", "pk": 4, "fields": {"Coupon_id": "Package4", "coupan_name": "festival5", "Generate_coupon": "fes15", "Coupon_expire_date": "2022-02-11", "Coupon_partical_allowes": "1", "Coupon_issed_by": 2, "Coupon_created": "2022-02-10", "message": "Applied", "discount": "500", "minimum_order_value": 10.0, "active": "1"}}, {"model": "package.faqs", "pk": 1, "fields": {"package": 1, "question": "What does The pregnancy blood test show?", "Answere": "\"A pregnancy blood test shows the presence and rise of the human chorionic gonadotropin (hCG), a hormone secreted during pregnancy. The hCG nearly doubles every 2 days during early pregnancy, so a measurement by a blood test allows for better understanding of a pregnancy.\""}}, {"model": "package.faqs", "pk": 2, "fields": {"package": 1, "question": "What tests should be done during pregnancy?", "Answere": "\"Some of the common tests that you should get done during pregnancy are complete hemogram, thyroid, blood sugar HIV, TORCH tests, HB variance amongst others. Most of these tests are included in the early pregnancy checkup, so you can get a clear understanding of your health and that of your baby.\""}}, {"model": "package.faqs", "pk": 3, "fields": {"package": 1, "question": "What tests are done during first trimester of pregnancy?", "Answere": "\"The following tests are generally recommended during the first trimester of pregnancy: Complete hemogram, blood sugar, thyroid, HIV and other STIs, Hb variance, ABO and Rh blood typing among others. Getting a early pregnancy check up is an essential way to determine both the mother and child's health.\""}}, {"model": "package.faqs", "pk": 4, "fields": {"package": 1, "question": "How soon can I take a Pregnancy Test?", "Answere": "To get the most accurate result you should wait a week after you have missed your period for a pregnancy test"}}, {"model": "package.faqs", "pk": 5, "fields": {"package": 1, "question": "Can blood test detect abnormalities in pregnancy?", "Answere": "To get the most accurate result you should wait a week after you have missed your period for a pregnancy test"}}, {"model": "package.tempbooking", "pk": 1, "fields": {"user": null, "tempbookingid": "pytm2022125None", "coupon": "", "ammount": "6700.0", "status": "pending", "bookingid": []}}, {"model": "package.tempbooking", "pk": 2, "fields": {"user": null, "tempbookingid": "pytm2022125None", "coupon": "", "ammount": "6700.0", "status": "pending", "bookingid": []}}, {"model": "package.tempbooking", "pk": 3, "fields": {"user": null, "tempbookingid": "pytm2022125None", "coupon": "", "ammount": "6700.0", "status": "pending", "bookingid": []}}, {"model": "package.tempbooking", "pk": 4, "fields": {"user": null, "tempbookingid": "pytm2022125None", "coupon": "", "ammount": "6700.0", "status": "pending", "bookingid": []}}, {"model": "package.tempbooking", "pk": 5, "fields": {"user": null, "tempbookingid": "pytm2022125None", "coupon": "", "ammount": "6700.0", "status": "pending", "bookingid": []}}, {"model": "package.tempbooking", "pk": 6, "fields": {"user": null, "tempbookingid": "pytm2022125None", "coupon": "", "ammount": "6700.0", "status": "pending", "bookingid": []}}, {"model": "package.tempbooking", "pk": 7, "fields": {"user": null, "tempbookingid": "paytm2022125<built-in method time of datetime.datetime object at 0x000001F0E61E26D0>", "coupon": "", "ammount": "6700.0", "status": "pending", "bookingid": []}}, {"model": "package.tempbooking", "pk": 8, "fields": {"user": null, "tempbookingid": "paytm2022125<built-in method time of datetime.datetime object at 0x000001F0E6274CC0>", "coupon": "", "ammount": "6700.0", "status": "pending", "bookingid": []}}, {"model": "package.tempbooking", "pk": 9, "fields": {"user": null, "tempbookingid": "paytm2022125<built-in method time of datetime.datetime object at 0x000001F0E6136BE0>", "coupon": "", "ammount": "6700.0", "status": "pending", "bookingid": []}}, {"model": "package.tempbooking", "pk": 10, "fields": {"user": null, "tempbookingid": "paytm202212510", "coupon": "", "ammount": "6700.0", "status": "pending", "bookingid": []}}, {"model": "package.tempbooking", "pk": 11, "fields": {"user": null, "tempbookingid": "paytm202212511", "coupon": "", "ammount": "6700.0", "status": "pending", "bookingid": []}}, {"model": "package.tempbooking", "pk": 12, "fields": {"user": null, "tempbookingid": "paytm202212512", "coupon": "", "ammount": "6700.0", "status": "pending", "bookingid": []}}, {"model": "package.tempbooking", "pk": 13, "fields": {"user": null, "tempbookingid": "paytm202212513", "coupon": "", "ammount": "6700.0", "status": "pending", "bookingid": []}}, {"model": "package.tempbooking", "pk": 14, "fields": {"user": null, "tempbookingid": "paytm202212514", "coupon": "", "ammount": "6700.0", "status": "pending", "bookingid": []}}, {"model": "package.tempbooking", "pk": 15, "fields": {"user": null, "tempbookingid": "paytm202212515", "coupon": "", "ammount": "6700.0", "status": "pending", "bookingid": []}}, {"model": "package.tempbooking", "pk": 16, "fields": {"user": null, "tempbookingid": "paytm202212516", "coupon": "", "ammount": "6700.0", "status": "pending", "bookingid": []}}, {"model": "package.tempbooking", "pk": 17, "fields": {"user": null, "tempbookingid": "paytm202212617", "coupon": "", "ammount": "6700.0", "status": "pending", "bookingid": []}}, {"model": "package.tempbooking", "pk": 18, "fields": {"user": null, "tempbookingid": "paytm202212718", "coupon": "", "ammount": "10050.0", "status": "pending", "bookingid": []}}, {"model": "package.tempbooking", "pk": 19, "fields": {"user": null, "tempbookingid": "paytm202212719", "coupon": "", "ammount": "3800.0", "status": "pending", "bookingid": []}}, {"model": "package.tempbooking", "pk": 20, "fields": {"user": null, "tempbookingid": "paytm202212920", "coupon": "", "ammount": "3350.0", "status": "pending", "bookingid": []}}, {"model": "package.tempbooking", "pk": 21, "fields": {"user": null, "tempbookingid": "paytm202212921", "coupon": "", "ammount": "500.0", "status": "pending", "bookingid": []}}, {"model": "package.tempbooking", "pk": 22, "fields": {"user": null, "tempbookingid": "paytm202213122", "coupon": "", "ammount": "3350.0", "status": "pending", "bookingid": []}}, {"model": "package.tempbooking", "pk": 23, "fields": {"user": null, "tempbookingid": "paytm20222123", "coupon": "", "ammount": "1.3399999999999999", "status": "pending", "bookingid": []}}, {"model": "package.tempbooking", "pk": 24, "fields": {"user": null, "tempbookingid": "paytm20222124", "coupon": "", "ammount": "1.3399999999999999", "status": "pending", "bookingid": []}}, {"model": "package.tempbooking", "pk": 25, "fields": {"user": null, "tempbookingid": "paytm20222125", "coupon": "", "ammount": "999.0", "status": "pending", "bookingid": []}}, {"model": "package.tempbooking", "pk": 26, "fields": {"user": null, "tempbookingid": "paytm20222126", "coupon": "", "ammount": "999.0", "status": "pending", "bookingid": []}}, {"model": "package.tempbooking", "pk": 27, "fields": {"user": null, "tempbookingid": "paytm20222127", "coupon": "", "ammount": "999.0", "status": "pending", "bookingid": []}}, {"model": "package.tempbooking", "pk": 28, "fields": {"user": null, "tempbookingid": "paytm20222128", "coupon": "", "ammount": "1.0", "status": "pending", "bookingid": []}}, {"model": "package.tempbooking", "pk": 29, "fields": {"user": null, "tempbookingid": "paytm20222129", "coupon": "", "ammount": "999.0", "status": "pending", "bookingid": []}}, {"model": "package.tempbooking", "pk": 30, "fields": {"user": null, "tempbookingid": "paytm20222130", "coupon": "", "ammount": "999.0", "status": "pending", "bookingid": []}}, {"model": "package.tempbooking", "pk": 31, "fields": {"user": null, "tempbookingid": "paytm20222131", "coupon": "", "ammount": "1.0", "status": "pending", "bookingid": []}}, {"model": "package.tempbooking", "pk": 32, "fields": {"user": null, "tempbookingid": "paytm20222932", "coupon": "", "ammount": "3996.0", "status": "pending", "bookingid": []}}, {"model": "package.tempbooking", "pk": 33, "fields": {"user": null, "tempbookingid": "paytm20222933", "coupon": "", "ammount": "0.0", "status": "pending", "bookingid": []}}, {"model": "package.tempbooking", "pk": 34, "fields": {"user": null, "tempbookingid": "paytm20222934", "coupon": "", "ammount": "240.0", "status": "pending", "bookingid": []}}, {"model": "package.tempbooking", "pk": 35, "fields": {"user": 6, "tempbookingid": "paytm202221035", "coupon": "", "ammount": "4.0", "status": "pending", "bookingid": []}}, {"model": "package.tempbooking", "pk": 36, "fields": {"user": 6, "tempbookingid": "paytm202221036", "coupon": "", "ammount": "4.0", "status": "pending", "bookingid": []}}, {"model": "package.tempbooking", "pk": 37, "fields": {"user": 6, "tempbookingid": "paytm202221037", "coupon": "", "ammount": "4.0", "status": "pending", "bookingid": []}}, {"model": "package.tempbooking", "pk": 38, "fields": {"user": 6, "tempbookingid": "paytm202221038", "coupon": "34534535", "ammount": "3.6", "status": "success", "bookingid": []}}, {"model": "package.tempbooking", "pk": 39, "fields": {"user": 6, "tempbookingid": "paytm202221039", "coupon": "fes15", "ammount": "3496.0", "status": "success", "bookingid": []}}, {"model": "package.tempbooking", "pk": 40, "fields": {"user": 6, "tempbookingid": "paytm202221040", "coupon": "", "ammount": "3996.0", "status": "success", "bookingid": []}}, {"model": "package.tempbooking", "pk": 41, "fields": {"user": 6, "tempbookingid": "paytm202221041", "coupon": "", "ammount": "3996.0", "status": "success", "bookingid": []}}, {"model": "package.tempbooking", "pk": 42, "fields": {"user": 6, "tempbookingid": "paytm202221042", "coupon": "", "ammount": "1998.0", "status": "success", "bookingid": [105, 106]}}, {"model": "home.contactinfo", "pk": 1, "fields": {"companyname": "Sequel Diagnostic Services Pvt. Limited", "phone": "9999-08-2050", "helpline": "9999-08-2050", "email": "info@sequeldiagnosticservices.com", "address": "476/11, Subhash Nagar, Old Railway Road, Gurgaon (HR) 122001"}}, {"model": "home.customer_contact", "pk": 1, "fields": {"name": "Ritik Sisodiya", "email": "leporol173@play588.com", "mobile": "7428731210", "subject": "riti ltd", "message": "fsdf"}}, {"model": "home.customer_contact", "pk": 2, "fields": {"name": "ritik sisodiya", "email": "ritik.s10120@gmail.com", "mobile": "+917428731210", "subject": "+917428731210", "message": "this is message"}}, {"model": "home.homeslider", "pk": 1, "fields": {"name": "RTPCR TEST", "img": "slider/78_4194.jpg", "url": "/package/package/sds-screening-10/"}}, {"model": "home.homeslider", "pk": 2, "fields": {"name": "Alcoholism", "img": "slider/84_1785.jpg", "url": "/package/subcategory/alcoholism/"}}, {"model": "home.homeslider", "pk": 3, "fields": {"name": "Contact Us", "img": "slider/80_5604.jpg", "url": "/contact/"}}, {"model": "paymentintigration.paytmconfig", "pk": 1, "fields": {"title": "payment config", "activate": true, "MID": "bEtzWe72963291709602", "MERCHANT_KEY": "aaT1Xj@F_oEnHA2m", "WEBSITE": "1", "PostUrl": "https://securegw-stage.paytm.in/order/process"}}, {"model": "paymentintigration.paytmtransaction", "pk": 1, "fields": {"ORDERID": "paytm202221041", "TXNID": "20220210111212800110168558703426167", "STATUS": "TXN_SUCCESS", "TXNAMOUNT": "3996.00", "CURRENCY": "INR", "GATEWAYNAME": "WALLET", "RESPMSG": "Txn Success", "BANKNAME": "WALLET", "PAYMENTMODE": "PPI", "MID": "bEtzWe72963291709602", "RESPCODE": "01", "BANKTXNID": "65828477", "TXNDATE": "2022-02-10T13:24:23Z", "CHECKSUMHASH": "LZwvvMJ2TvffY96E4g/6obPrTvSIC64Dq4Wb8PQEVfUFh8hIRGwMjfCt12CLyD3EFeEmrfBbQvt2Y7en0SdDiUwtMflvAkaLHhgrzY4ChWE="}}, {"model": "paymentintigration.paytmtransaction", "pk": 2, "fields": {"ORDERID": "paytm202221042", "TXNID": "20220210111212800110168546803426305", "STATUS": "TXN_SUCCESS", "TXNAMOUNT": "1998.00", "CURRENCY": "INR", "GATEWAYNAME": "WALLET", "RESPMSG": "Txn Success", "BANKNAME": "WALLET", "PAYMENTMODE": "PPI", "MID": "bEtzWe72963291709602", "RESPCODE": "01", "BANKTXNID": "65831723", "TXNDATE": "2022-02-10T21:50:18Z", "CHECKSUMHASH": "eb5oVkujdGYEkTWggFWw9u/yeqBHbMlpfuQBDlXtSOHyJemH9jJUrrho9NMNrjBNiiqDcxby6RpdqvCdhu8XuxCgBwVmYxmTJNDbmJGzzcM="}}]